Description	Price	Prime	Url	Ratings
Computer portatile da 15,6 pollici, CPU Intel N3350, Windows 10 Pro OS,4 GB RAM 64 GB SSD, Full HD 1920 x 1080	298,00 €	1	/Computer-portatile-pollici-Intel-Windows/dp/B08KFZNGGH/ref=sr_1_1?dchild=1&keywords=computer&qid=1604664192&sr=8-1	-1
PC DELL 7010 SFF Intel Core i5 3470 3.20Ghz/RAM 8GB/500GB/DVD+RW/WIN 10 PRO (Ricondizionato)	167,99 €	0	/DELL-Intel-3-20Ghz-500GB-Ricondizionato/dp/B07RK9N3WM/ref=sr_1_2?dchild=1&keywords=computer&qid=1604664192&sr=8-2	4,3
Laptop da 14 pollici (Intel Celeron a 64 bit, 4 GB di RAM DDR3, 64 GB di eMMC, batteria da 10000 Mah, webcam HD, sistema operativo Windows 10 preinstallato, display IPS 1366 * 768 FHD) Notebook	254,99 €	1	/pollici-batteria-operativo-preinstallato-Notebook/dp/B08BHRW3KB/ref=sr_1_3?dchild=1&keywords=computer&qid=1604664192&sr=8-3	2,2
HUAWEI MateBook 14 Laptop, Ultrabook DisplayFullView 2K , AMD Ryzen 7 4800H, 16GB RAM, SSD da 512GB PCIe , Fingerabdrucksensor, Huawei Share, Windows 10 Home, Space Gray, KelvinL-WFE9B	1.099,00 €	1	/HUAWEI-Ultrabook-DisplayFullView-Fingerabdrucksensor-KelvinL-WFE9B/dp/B08J83G2M8/ref=sr_1_4?dchild=1&keywords=computer&qid=1604664192&sr=8-4	4,3
"Acer Chromebook 314 CB314-1H-C2W1 Notebook, Pc Portatile con Processore Intel Celeron N4000, Ram 4GB DDR4, eMMC 64 GB, Display 14"" Full HD LED LCD, Scheda Grafica Intel, Chrome OS, Silver, [CB]"	349,00 €	1	/Acer-Chromebook-CB314-1H-C2W1-Portatile-Processore/dp/B0855696F5/ref=sr_1_5?dchild=1&keywords=computer&qid=1604664192&sr=8-5	4,3
Pc portatile 14 Pollici TECLAST F7S Computer Portatile Intel Celeron N3350,128 GB SSD, 8 GB RAM, 4K, 1920 x 1080, Windows 10 Grigio	294,99 €	1	/portatile-TECLAST-F7S-Computer-Portatile/dp/B089QDVXYB/ref=sr_1_6?dchild=1&keywords=computer&qid=1604664192&sr=8-6	3,7
"Lenovo IdeaPad Slim 1 Notebook, Display 14"" HD, Processore AMD A4-9120e, 64 GB eMMC 5.1, RAM 4 GB, Windows 10, Platinum Grey"	0 €	0	/Lenovo-Notebook-Processore-A4-9120e-Platinum/dp/B089NXQXWD/ref=sr_1_7?dchild=1&keywords=computer&qid=1604664192&sr=8-7	4,1
HP – PC 15s-eq0021nl Notebook, AMD Ryzen 3, RAM 8 GB, SSD 256 GB, Grafica AMD Radeon Vega 3, Windows 10 Home S, Schermo 15” FHD SVA Antiriflesso, Micro-Edge, Fast Charge, Lettore SD/Micro SD, Argento	0 €	0	/HP-eq0021nl-Notebook-Antiriflesso-Micro-Edge/dp/B082YMS5Q1/ref=sr_1_8?dchild=1&keywords=computer&qid=1604664192&sr=8-8	4,4
"ACEPC AK1 Mini PC,Windows 10(64 bit) Computer desktop Intel Celeron Apollo Lake J3455 (fino a 2,3GHz) Computer desktop[8GB/120GB/Supporto SSD da 2,5""/ SSD mSATA/Doppio WiFi/Gigabit Ethernet/BT 4.2/4K]"	249,90 €	1	/ACEPC-AK1-Computer-Supporto-Ethernet/dp/B07SKGGGP7/ref=sr_1_9?dchild=1&keywords=computer&qid=1604664192&sr=8-9	4,4
"Lenovo IdeaPad Flex 5 Notebook Convertibile, Display 14"" Full HD Touch, Processore Intel Core i5-1035G1, 512 GB SSD, RAM 8 GB, Fingerprint, Lenovo Digital Pen, Windows 10, Graphite Grey"	899,99 €	1	/Lenovo-Convertibile-Processore-i5-1035G1-Fingerprint/dp/B089NWXD2L/ref=sr_1_10?dchild=1&keywords=computer&qid=1604664192&sr=8-10	4,2
"HUAWEI MateBook D 15.6"" Laptop, Processore AMD Ryzen 5 3500U, 8 GB RAM, 256 GB SSD, Schermo FullView 1080P FHD, Collaborazione multi-schermo, Sensore impronte digitali, Windows 10 Home, Argento"	0 €	0	/HUAWEI-MateBook-Processore-Collaborazione-multi-schermo/dp/B0842Q5L56/ref=sr_1_11?dchild=1&keywords=computer&qid=1604664192&sr=8-11	4,5
"Acer Nitro 5 AN515-54-72FF Notebook Gaming, Processore Intel Core i7-9750H, RAM 16 GB DDR4, 1024GB PCIe NVMe SSD, Display 15.6"" FHD IPS 60 Hz LCD, Nvidia GeForce GTX 1650 4GB GDDR5, Windows 10 Home"	1.299,00 €	1	/Acer-AN515-54-72FF-Notebook-Processore-i7-9750H/dp/B084XLGBKV/ref=sr_1_12?dchild=1&keywords=computer&qid=1604664192&sr=8-12	4,3
Jumper EZbook X3 Microsoft Office 365 Giorno (13,3Pollice/ FHD) il computer portatile (Intel Dual Core, 4GB DDR3 RAM, 64GB SSD, Intel HD Grafik 500, Bluetooth 4.2，Windows 10)Argento	269,99 €	1	/EZbook-X3-Microsoft-portatile-4-2%EF%BC%8CWindows/dp/B08997LNDF/ref=sr_1_13?dchild=1&keywords=computer&qid=1604664192&sr=8-13	4,2
Easy to Learn, Hard to Master - The Fate of Atari	0 €	0	/gp/video/ssoredirect/?ru=https%3A%2F%2Fapp.primevideo.com%2Fdetail%3Fgti%3Damzn1.dv.gti.2ab560fc-d8c5-3daa-5a33-9152585c472e%26ref_%3Ddvm_src_ret_it_xx_s&page-type-id=B07WQYRHK6&ref=sr_1_14&keywords=computer&qid=1604664192&sr=8-14	4,5
Yizhet Hub USB 3.0 4 Porte Ultrasottile Hub USB con Cavo Esteso da 1M per MacBook Air, Mac PRO/Mini, Windows 10/8.1/8/7/XP, Vista -Trasmissione Dati Alta velocità (5 Gbps)	11,89 €	1	/Yizhet-Ultrasottile-MacBook-Trasmissione-velocit%C3%A0/dp/B08KQ2YZBC/ref=sr_1_15?dchild=1&keywords=computer&qid=1604664192&sr=8-15	-1
"Acer Swift 1 SF114-32-P4X8 Argento Computer Portatile 35,6 cm (14"") 1920 x 1080 Pixel Intel® Pentium® Silver 4 GB DDR4-SDRAM 256 GB SSD Windows 10 Home Swift 1 Swift 1 SF114-32-P4X8 N5000"	649,75 €	1	/Acer-SF114-32-P4X8-Computer-Portatile-DDR4-SDRAM/dp/B07W67C5WS/ref=sr_1_16?dchild=1&keywords=computer&qid=1604664192&sr=8-16	5,0
AXUF 1080P HD Webcam può Essere piegata in Base allo Spessore del Computer, Copertura per la Privacy con videocamera per Microfono, treppiede, Laptop, Computer, videocamera Plug And Play Desktop	33,99 €	1	/AXUF-Copertura-videocamera-Microfono-treppiede/dp/B08MBQY8YG/ref=sr_1_21?dchild=1&keywords=computer&qid=1604664192&sr=8-21	4,5
Hp 255 G7 Notebook HP Display da 15.6”, CPU AMD A4-9125, Ram 4Gb DDR4 SSD M.2 256 Gb, Radeon R3, Pc portatile HP, HDMI, DVD CD RW, Wi Fi,Bluetooth, Windows 10 Professional	0 €	0	/255-G7-HP-portatile-Professional/dp/B086C38DDK/ref=sr_1_22?dchild=1&keywords=computer&qid=1604664192&sr=8-22	4,3
Chuwi CoreBook Pro Laptop Ultrabook 13 pollici Win 10 Notebook Portatile Intel Core i3-6157U fino a 2,4 GHz 8 GB RAM 256 GB SSD 2160 * 1440 2K, Type-C 2.4G/5G WiFi	459,00 €	1	/CoreBook-Pro-Ultrabook-Notebook-Portatile/dp/B08JPMVKKN/ref=sr_1_23?dchild=1&keywords=computer&qid=1604664192&sr=8-23	1,0
PC Computer Desktop Gaming Entry Level Fujitsu Esprimo P710 Windows 10 Professional Intel Core i5-3470S Memoria Ram 8GB DDR3 Hard Disk 500GB DVD-ROM USB 3.0 GeForce GT710 2GB (Ricondizionato)	199,50 €	0	/Computer-Fujitsu-Professional-i5-3470S-Ricondizionato/dp/B08284CQ68/ref=sr_1_24?dchild=1&keywords=computer&qid=1604664192&sr=8-24	4,4
"Lenovo IdeaPad Slim 1 Notebook, Display 14"" HD, Processore AMD A9-9420e, 128 GB SSD, RAM 4 GB, Windows 10, Ice Blue"	0 €	0	/Lenovo-IdeaPad-Notebook-Processore-A9-9420e/dp/B089NVXVMH/ref=sr_1_25?dchild=1&keywords=computer&qid=1604664192&sr=8-25	3,6
"HP - PC Chromebook 14a-na0005nl, Intel Pentium Silver N5000, RAM 4 GB, eMMC 64 GB, Sistema Operativo Chrome OS, Google Play Store, Schermo FHD 14"", Audio Bang&Olufsen, USB-C, Webcam, Argento [CB]"	429,99 €	1	/HP-Chromebook-14a-na0005nl-Pentium-Operativo/dp/B087GJY7MK/ref=sr_1_26?dchild=1&keywords=computer&qid=1604664192&sr=8-26	5,0
"Acer Aspire A314-22-R6J1 - Computer portatile Acer Aspire da 14,0"", AMD Ryzen 3 3250U (Dali), Intel HD Graphics 4 GB DDR4 128 GB PCIe NVMe SSD NX.A0WEF.005, colore: Nero"	428,56 €	1	/Acer-Aspire-A314-22-R6J1-portatile-NX-A0WEF-005/dp/B08BCSKKVP/ref=sr_1_27?dchild=1&keywords=computer&qid=1604664192&sr=8-27	5,0
"HP - PC Pavilion 15-cw1085nl Notebook, AMD Ryzen 5 3500U, RAM 8 GB, SSD 512 GB, Grafica AMD Radeon Vega 8, Windows 10 Home, Schermo 15.6"" FHD IPS, Lettore Micro SD, HDMI, USB-C, RJ-45, Webcam, Argento"	0 €	0	/HP-Pavilion-15-cw1085nl-Notebook-Grafica/dp/B089QW292H/ref=sr_1_28?dchild=1&keywords=computer&qid=1604664192&sr=8-28	4,4
"Acer Aspire 5 A515-54-P1VY Computer portatile Argento 39,6 cm (15.6"") 1920 x 1080 Pixel Intel Pentium Gold 8 GB DDR4 256 GB SSD Wi-Fi 6, Windows 10 Home S , TASTIERA TEDESCA"	530,41 €	1	/Acer-A515-54-P1VY-Computer-portatile-TASTIERA/dp/B08C7GKP2P/ref=sr_1_29?dchild=1&keywords=computer&qid=1604664192&sr=8-29	-1
"HP-PC Pavilion 14-ce3034nl Notebook, Intel Core i5-1035G1, RAM 8 GB, SSD 512 GB, Grafica UHD Intel, Windows 10 Home, Schermo 14"" FHD Antiriflesso, Lettore Impronte Digitali, Lettore Micro SD, Argento"	0 €	0	/Pavilion-14-ce3034nl-Notebook-i5-1035G1-Antiriflesso/dp/B082YN4W9N/ref=sr_1_30?dchild=1&keywords=computer&qid=1604664192&sr=8-30	4,3
Tablet PC 7 Pollici,Computer portatile Quad Core Con Tastiera e Penna, Tableta memoria RAM da 512MB + 8GB,Fotocamera integrata Dual Camera,WIFI,Bluetooth (Rosa)	59,99 €	0	/Computer-portatile-Fotocamera-integrata-Bluetooth/dp/B07T96DWZ9/ref=sr_1_31?dchild=1&keywords=computer&qid=1604664192&sr=8-31	2,9
HP Elite 8300 – computer Desktop (Intel Core i7 – 3770, GB di RAM, disco SSD GB + GB HDD, lettore DVD, sistema operativo Windows 10 Pro è 64) – Nero (Ricondizionato)	243,90 €	0	/HP-computer-Desktop-operativo-Ricondizionato/dp/B07NGM8KPC/ref=sr_1_32?dchild=1&keywords=computer&qid=1604664192&sr=8-32	4,4
Mini PC Beelink Gemini T34,Windows 10(64 bit) Computer desktop Intel Celeron N3450 RAM 8GB/128GB Support Dual System(Windows Ubuntu)/ SSD mSATA/Dual WiFi/BT 4.0	235,70 €	0	/Beelink-PC%EF%BC%8CWindows-Computer-desktop-Celeron/dp/B07YTGYXCK/ref=sr_1_33?dchild=1&keywords=computer&qid=1604664192&sr=8-33	4,5
PC Computer Desktop Fujitsu Esprimo E720, Windows 10 Professional, Intel Core i5-4570, Memoria Ram 8GB DDR3, SSD 480GB, DVD-ROM, WIFI (Ricondizionato)	198,99 €	0	/Computer-Desktop-Fujitsu-Professional-Ricondizionato/dp/B08KXYQSWH/ref=sr_1_34?dchild=1&keywords=computer&qid=1604664192&sr=8-34	5,0
PC DELL 7010 SFF Intel Core i5 3470 3.20Ghz/RAM 8GB/480GB SSD/DVD+RW/WIN 10 PRO (Ricondizionato)	206,50 €	0	/DELL-Intel-3-20Ghz-480GB-Ricondizionato/dp/B07RR23WR2/ref=sr_1_35?dchild=1&keywords=computer&qid=1604664192&sr=8-35	4,6
"LENOVO Notebook Essential V145-15AST Monitor 15.6"" HD AMD A4-9125 Ram 4GB SSD 256GB 2xUSB 3.0 Free Dos"	0 €	0	/Lenovo-NOTEBOOK-V145-15AST-A4-9125/dp/B07YYDTLB4/ref=sr_1_36?dchild=1&keywords=computer&qid=1604664192&sr=8-36	4,0
Singularity	0 €	0	/gp/video/ssoredirect/?ru=https%3A%2F%2Fapp.primevideo.com%2Fdetail%3Fgti%3Damzn1.dv.gti.38b9dcea-a29a-e06a-eab0-d806769e1474%26ref_%3Ddvm_src_ret_it_xx_s&page-type-id=B08F7ZRZML&ref=sr_1_37&keywords=computer&qid=1604664192&sr=8-37	3,8
BMAX Y13 Notebook 2 in 1 Touchscreen Convertible Laptop 13.3 pollici 1920x1080 FHD Blacklit Keyboard (Intel Quad Core N4120, 8GB RAM, 256GB SSD, Windows 10 Home) Type C	449,00 €	1	/Y13-Notebook-Convertible-Touchscreen-1920x1080/dp/B07XT5ZSJD/ref=sr_1_38?dchild=1&keywords=computer&qid=1604664192&sr=8-38	4,1
PC RICONDIZIONATO DELL 7010 SFF Intel Core i5 3470 3.20Ghz/RAM 8GB/SSD 240GB/DVD+RW/LICENZA WIN 10 PRO MAR (Ricondizionato) )	161,90 €	0	/RICONDIZIONATO-3-20Ghz-LICENZA-Ricondizionato-Certificato/dp/B07H2GM4K5/ref=sr_1_39?dchild=1&keywords=computer&qid=1604664192&sr=8-39	4,5
Portatile HP 14s-fq0071nf Bianco AMD 3020e dual 4GB HDD 128 GB AMD Radeon Integrated Graphics 14''HD slim SVA Narrow Border Win10H-MS 1Q9J0EA#A	0 €	0	/Portatile-HP-14s-fq0071nf-Integrated-Win10H-MS/dp/B08D9VLBP4/ref=sr_1_40?dchild=1&keywords=computer&qid=1604664192&sr=8-40	3,9
Beelink BT3 Pro II Mini PC Support Windows 10, Intel Atom x5-Z8350 Processor 4GB Ram 64GB Rom Graphics HD 400, 1000Mbps LAN MINI Computer con 5.8G+2.4G WiFi HDMI+VGA Outputs/Bluetooth 4.0/USB 3.0	126,99 €	1	/SeeKool-x5-Z8350-Processor-Graphics-Bluetooth/dp/B07CQGRZKF/ref=sr_1_41?dchild=1&keywords=computer&qid=1604664192&sr=8-41	4,3
"ASUS Chromebook C423NA-EB0287, Notebook in alluminio con Monitor 14"" FHD Anti-Glare, Intel Celeron N3350, RAM 4GB LPDDR4, 64G eMMC, Sistema operativo Chrome, Argento [CB]"	316,13 €	0	/ASUS-Chromebook-C423NA-EB0287-alluminio-Anti-Glare/dp/B086TLPRXF/ref=sr_1_42?dchild=1&keywords=computer&qid=1604664192&sr=8-42	3,8
Mini PC, Intel Pentium J3710 Processore Quad-Core CPU 4 GB DDR / 128 GB SSD Mini Desktop Computer con Windows 10, HDMI e VGA, Dual Band WiFi 2,4 + 5,8 G, BT 4.2, USB 3.0	189,99 €	1	/Pentium-Processore-Quad-Core-Desktop-Computer/dp/B08H816MBC/ref=sr_1_43?dchild=1&keywords=computer&qid=1604664192&sr=8-43	4,7
Notebook Lenovo cpu A4 di 7th Gen fino a 2,6GHz ,Hd Led da 15,6 4Gb DDR 4, SSD da 256Gb , Svga Radeon R3, Wi-fi, Lan, Bt, Win10 Professional , Antivirus, Pronto All'uso Garanzia Italia 2 anni	0 €	0	/Notebook-Lenovo-Professional-Antivirus-Garanzia/dp/B07T8MFRZ5/ref=sr_1_44?dchild=1&keywords=computer&qid=1604664192&sr=8-44	3,9
VESSTT Webcam per PC, Full HD 1080P Videocamera con Microfono PC Laptop Desktop Computer USB 2.0 Full HD Videocamera con Clip Regolabile per Videochiamata, Studi, Conferenze, Registrazione e Giochi	29,99 €	1	/VESSTT-Videocamera-Regolabile-Videochiamata-Registrazione/dp/B08K3FHDMD/ref=sr_1_45?dchild=1&keywords=computer&qid=1604664192&sr=8-45	4,6
"Nuovo Apple MacBook Air (13"", Processore Intel Core i3 dual‑core di decimo generazione a 1,1GHz, 8GB RAM, 256GB) - Oro"	1.099,00 €	1	/Apple-Processore-Intel-Core-i3-dual%E2%80%91core-generazione/dp/B0863TK7TN/ref=sr_1_46?dchild=1&keywords=computer&qid=1604664192&sr=8-46	4,7
Virtual Revolution	0 €	0	/gp/video/ssoredirect/?ru=https%3A%2F%2Fapp.primevideo.com%2Fdetail%3Fgti%3Damzn1.dv.gti.acb5e95a-3e8d-c1b7-67ec-4b5802efd7e5%26ref_%3Ddvm_src_ret_it_xx_s&page-type-id=B07WSHPDLX&ref=sr_1_47&keywords=computer&qid=1604664192&sr=8-47	4,0
Riyth Hard Disk 1 TB Esterno,USB 3.1 Type-C Hard Disk Esterno Portatile HDD per PC, Mac, Xbox, Desktop, Laptop, MacBook.(1TB,Rosso)	47,99 €	1	/Riyth-Esterno-Portatile-Desktop-MacBook/dp/B08L35NBXJ/ref=sr_1_48?dchild=1&keywords=computer&qid=1604664192&sr=8-48	5,0
"Notebook Lenovo cpu A4 9125 burst fino a 2,6GHz, display da 15,6"" HD, DDR4 8Gb, SSD da 256Gb+SSD da 256gb, Radeon R3, Wi-fi, Bt, Win10 Pro, Antivirus, Pronto All'uso Gar. Italia"	0 €	0	/Notebook-Lenovo-display-Antivirus-Garanzia/dp/B07TCSLHT5/ref=sr_1_49?dchild=1&keywords=computer&qid=1604664192&sr=8-49	4,1
"Acer Aspire 3 A315-56-5205 - Computer portatile 15,6"" FHD (Core i5, 8 GB di RAM, SSD 512 GB, Intel UHD Graphics, Windows 10F)"	739,25 €	1	/Acer-Aspire-A315-56-5205-Computer-portatile/dp/B089T436YR/ref=sr_1_50?dchild=1&keywords=computer&qid=1604664192&sr=8-50	3,9
"Lenovo AIO 3 IdeaCentre All in One 3, Display 21.5"" Full HD, Processore AMD Athlon Silver 3050U, 256 GB SSD, RAM 8 GB, DVD±RW, Windows 10, Tastiera e Mouse USB, Business Black"	499,99 €	1	/Lenovo-AIO-IdeaCentre-Processore-Tastiera/dp/B089MCMX97/ref=sr_1_51?dchild=1&keywords=computer&qid=1604664192&sr=8-51	3,9
PC DESKTOP COMPUTER FISSO CON LICENZA WINDOWS 10 pro Talloncino con seriale INTEL QUAD CORE RAM 8GB DDR HD1TB DVD/WIFI/HDMI FISSO COMPLETO ASSEMBLATO	249,99 €	0	/DESKTOP-LICENZA-Talloncino-COMPLETO-ASSEMBLATO/dp/B01BTW2T60/ref=sr_1_52?dchild=1&keywords=computer&qid=1604664192&sr=8-52	4,1
PC DESKTOP COMPUTER FISSO CON LICENZA WINDOWS 10 pro Talloncino con seriale INTEL QUAD CORE RAM 8GB DDR HD1TB DVD/WIFI/HDMI FISSO COMPLETO ASSEMBLATO	249,99 €	0	/DESKTOP-LICENZA-Talloncino-COMPLETO-ASSEMBLATO/dp/B01BTW2T60/ref=sr_1_53?dchild=1&keywords=computer&qid=1604664293&sr=8-53	4,1
PC RICONDIZIONATO HP ELITE 8300 SFF INTEL CORE i7 3770 3,40Ghz/8GB/SSD 120GB/DVD/WIN 10 PRO (Ricondizionato) )	235,00 €	1	/RICONDIZIONATO-HP-ELITE-INTEL-Ricondizionato/dp/B07JNBKHSS/ref=sr_1_54?dchild=1&keywords=computer&qid=1604664293&sr=8-54	4,5
HP 255 G7 senza Sistema Operativo (FreeDOS)	0 €	0	/HP-Notebook-A4-9125-Schermo-FreeDos/dp/B07V5W1VN7/ref=sr_1_55?dchild=1&keywords=computer&qid=1604664293&sr=8-55	4,2
"ASUS M509BA-BR001T Argento Computer Portatile 39,6 cm (15.6"") 1366 x 768 Pixel AMD A9 8 GB DDR4-SDRAM 256 GB SSD Windows 10"	0 €	0	/ASUS-M509BA-BR001T-Computer-Portatile-DDR4-SDRAM/dp/B0848VRZ5Q/ref=sr_1_56?dchild=1&keywords=computer&qid=1604664293&sr=8-56	5,0
KUU XBOOK Notebook Computer Portatile 14,1 Pollice, PC Portatile da Intel Celeron J4115, Schermo HD 1920 x 1080 IPS, Windows 10 Notebook ultrasottile con cornice stretta(8GB RAM+512GB ROM)	349,99 €	1	/KUU-XBOOK-Notebook-Portatile-ultrasottile/dp/B08G12MHV8/ref=sr_1_57?dchild=1&keywords=computer&qid=1604664293&sr=8-57	3,8
Computer fisso INTEL CORE i5 QUAD CORE pc desktop SSD 120 HDD 1 TB RAM 8 GB WINDOWS 10 PRO COA STICKER - WiFi - ALTE PRESTAZIONI SISTEMA OPERATIVO COMPLETO	299,99 €	0	/Computer-fisso-desktop-WINDOWS-STICKER/dp/B07CL9MJ82/ref=sr_1_58?dchild=1&keywords=computer&qid=1604664293&sr=8-58	3,9
"Computer portatile Acer A315-56-3804 nero Intel Core i3-1005G1 8 GB 256 GB SSD Intel HD Graphics 15,6"" FHD Mate WIN10 in modalità S"	526,19 €	1	/Computer-portatile-Acer-A315-56-3804-i3-1005G1/dp/B08B4SXCJ1/ref=sr_1_59?dchild=1&keywords=computer&qid=1604664293&sr=8-59	1,5
Virtual Revolution	0 €	0	/gp/video/ssoredirect/?ru=https%3A%2F%2Fapp.primevideo.com%2Fdetail%3Fgti%3Damzn1.dv.gti.acb5e95a-3e8d-c1b7-67ec-4b5802efd7e5%26ref_%3Ddvm_src_ret_it_xx_s&page-type-id=B07WSHPDLX&ref=sr_1_60&keywords=computer&qid=1604664293&sr=8-60	4,0
Jelly Comb Microfono USB Podcast Professionale 192 kHz / 24 Bit, Microfono a condensatore per PC con treppiede per podcasting, Streaming, Registrazione vocale, Youtube, Laptop Windows iMac (Blu)	35,99 €	1	/Jelly-Comb-Professionale-condensatore-Registrazione/dp/B08BZ5YMQ2/ref=sr_1_61?dchild=1&keywords=computer&qid=1604664293&sr=8-61	4,6
PC Computer Desktop HP Compaq 6200, Windows 10 Professional, Intel Core i3-2100, Memoria Ram 4GB DDR3, Hard Disk 250GB, DVD-ROM (Ricondizionato)	85,65 €	0	/Computer-Desktop-HP-Professional-Ricondizionato/dp/B08BBXJ6QC/ref=sr_1_62?dchild=1&keywords=computer&qid=1604664293&sr=8-62	4,4
Thomson HERO9A-1BK32 - Computer portatile 2 in 1 Nero 9	130,44 €	1	/Thomson-COMPUTER-PORTATILE-quad-core-Graphics/dp/B07235SJ82/ref=sr_1_63?dchild=1&keywords=computer&qid=1604664293&sr=8-63	3,3
[3 Oggetto Bonus] Simbans TangoTab Tablet 10 Pollici con Tastiera 2-in-1 Laptop, Android 9 Pie, 3 GB RAM, Disco 64 GB, IPS, HDMI, GPS, WiFi, USB, PC Bluetooth - TL93	159,95 €	1	/Oggetto-Simbans-TangoTab-Tastiera-Bluetooth/dp/B07X3L881Y/ref=sr_1_64?dchild=1&keywords=computer&qid=1604664293&sr=8-64	3,9
Babacom Supporto PC Portatile, Alluminio Ventilato Porta Notebook, Raffreddamento Regolabile Porta PC, Leggero Notebook Riser Compatibile con MacBook Air/pro, Huawei Matebook D/Altri 10-15.6” Tablet	18,99 €	1	/Babacom-Portatile-Alluminio-Ergonomico-Regolabile/dp/B07TBR2WYD/ref=sr_1_65?dchild=1&keywords=computer&qid=1604664293&sr=8-65	4,6
GMFIVE Supporto per Laptop in Alluminio Regolabile in Altezza Rotazione a 360° Ergonomica Ventilato Universale Compatibile per Computer Portatile(11-17,3 Pollici) MacBook Pro etc	38,99 €	1	/Alluminio-Regolabile-Ergonomica-Universale-Compatibile/dp/B08CV3Z9G3/ref=sr_1_66?dchild=1&keywords=computer&qid=1604664293&sr=8-66	4,8
PC Computer Desktop HP Elite 8300, Windows 10 Professional, Intel Core i7-3770, Memoria Ram 8GB DDR3, SSD 120GB, DVD-ROM, USB 3.0 (Ricondizionato)	208,00 €	0	/Computer-Desktop-HP-Professional-Ricondizionato/dp/B0897YD1WM/ref=sr_1_67?dchild=1&keywords=computer&qid=1604664293&sr=8-67	5,0
"Acer Chromebook 514 CB514-1H-P9AS Notebook Portatile, Processore Intel Pentium Quad-Core N4200, Ram 4GB DDR4, eMMC 128 GB, Display 14"" IPS Full HD, Grafica Intel HD 505, Chrome OS, Silver, [CB]"	479,00 €	1	/Acer-Chromebook-CB514-1H-P9AS-Portatile-Processore/dp/B0857X4CZ5/ref=sr_1_68?dchild=1&keywords=computer&qid=1604664293&sr=8-68	4,4
JUMKEET Supporto per Tablet Laptop, Supporto di Raffreddamento per Laptop Desktop Ventilato Pieghevole Portatile, Vassoio Ergonomico Universale Regolabile per iM(AC)/Laptop/Computer Portatile/Tablet	15,99 €	1	/JUMKEET-Raffreddamento-Pieghevole-Ergonomico-Universale/dp/B07WVGQZ59/ref=sr_1_73?dchild=1&keywords=computer&qid=1604664293&sr=8-73	4,0
Dark/Web	0 €	0	/gp/video/ssoredirect/?ru=https%3A%2F%2Fapp.primevideo.com%2Fdetail%3Fgti%3Damzn1.dv.gti.18b6068d-12f7-29de-3c92-aa33e5f5935b%26ref_%3Ddvm_src_ret_it_xx_s&page-type-id=B07WJ6ZLQJ&ref=sr_1_74&keywords=computer&qid=1604664293&sr=8-74	-1
Lettore Masterizzatore Blu Ray Dvd, USB 3.0 Esterno Blu-Ray Portatile 3D CD Dvd RW Lettore Disco per Laptop/Desktop/MacBook, Win 7/8/10, Linux, PC	87,99 €	1	/Lettore-Masterizzatore-Esterno-Blu-Ray-Portatile/dp/B08HWZ21ND/ref=sr_1_75?dchild=1&keywords=computer&qid=1604664293&sr=8-75	5,0
HAPAW Supporto PC Portatile, 8-Levels Regolabile Supporto Laptop Notebook Pieghevole Alluminio Porta Tablet PC Supporto Compatibile con MacBook Air/PRO, dell, XPS, HP, Lenovo, iPad, Cellulare (5”–18”)	19,98 €	1	/HAPAW-Portatile-Regolabile-Pieghevole-Compatibile/dp/B08C57S29M/ref=sr_1_76?dchild=1&keywords=computer&qid=1604664293&sr=8-76	4,4
Lenovo, Mini PC, Desktop Computer, ThinkCentre M93p USDT Tiny Intel Core i5 240GB SSD (NEU) Hard Disk 8GB memoria Win 10 Pro W-LAN 10AAA0PQ00 (ricondizionato)	245,00 €	1	/Lenovo-ThinkCentre-SSD-10AAA0PQ00-certificato/dp/B07L9T18SW/ref=sr_1_77?dchild=1&keywords=computer&qid=1604664293&sr=8-77	4,3
Samsung –  Memoria 8 GB per PC portatile – Kit 2x4 GB Dual Channel originale 204 Pin DDR3-1333 PC3-10600 CL9 SO-DIMM per DDR3 i5 + i7 portatile con supporto DDR3 – 1333 MHz	59,90 €	1	/Samsung-COMPUTER-PORTATILE-10600-CL9-SO-DIMM-i7-portatile/dp/B0034YFCK2/ref=sr_1_78?dchild=1&keywords=computer&qid=1604664293&sr=8-78	4,6
BBO Cuffie USB per Computer con Microfono, Cuffie Business Leggere per PC Laptop Call Center Skype Chat Conference Ufficio	24,99 €	0	/BBO-Computer-Microfono-Business-Conference/dp/B08LV1MNMD/ref=sr_1_79?dchild=1&keywords=computer&qid=1604664293&sr=8-79	4,8
UCSUOKU Supporto PC Portatile, Supporto per Laptop in Alluminio,Pieghevole Regolabile Ergonomico Supporto per Notebook Compatibile con MacBook, iPad, HP, Dell, Lenovo Più 10-15.6” Tablet	19,00 €	1	/UCSUOKU-Pieghevole-Regolabile-Ergonomico-Compatibile/dp/B08KQ85BFY/ref=sr_1_80?dchild=1&keywords=computer&qid=1604664293&sr=8-80	-1
"Lenovo IdeaPad 3 Chromebook Notebook, Display 11.6"" HD, Processore Intel Celeron N4000, 32GB eMMC, 4GB RAM, Chrome OS, Onyx Black"	259,99 €	1	/Lenovo-IdeaPad-Chromebook-Notebook-Processore/dp/B08D9R3849/ref=sr_1_81?dchild=1&keywords=computer&qid=1604664293&sr=8-81	3,5
PIPIKA Cavo Stampante USB 2.0,[3M] Cavo USB Tipo A Maschio a Tipo B Maschio Cavetto Placcato Oro per Stampante HP, Canon, Lexmark, Epson, dell, Xerox, Samsung Brother, Panasonic, Scanner ECC	5,99 €	1	/Stampante-Maschio-Cavetto-Placcato-Panasonic/dp/B089N623TP/ref=sr_1_82?dchild=1&keywords=computer&qid=1604664293&sr=8-82	4,8
AmazonBasics - Altoparlanti per computer desktop o PC portatile, alimentazione CA (versione europea)	19,39 €	1	/AmazonBasics-Computer-Speakers-Desktop-AC-Powered/dp/B07D924NF5/ref=sr_1_83?dchild=1&keywords=computer&qid=1604664293&sr=8-83	4,4
"Computer portatile Acer Aspire 5 A515-44-R52A (15,6"") (nero)"	651,14 €	1	/Computer-portatile-Acer-Aspire-A515-44-R52A/dp/B08B4NZC7R/ref=sr_1_84?dchild=1&keywords=computer&qid=1604664293&sr=8-84	3,5
HP - PC Pavilion x360 14-dw0003nl Convertibile, Intel Core i3-1005G1, RAM 8 GB, SSD 256 GB, Grafica Intel UHD, Windows 10 Home, Schermo Touch 14” FHD IPS, Lettore Impronte Digitali, USB-C, Argento	699,99 €	1	/HP-Pavilion-14-dw0003nl-Convertibile-i3-1005G1/dp/B08BKT9YC2/ref=sr_1_85?dchild=1&keywords=computer&qid=1604664293&sr=8-85	5,0
"HP 250 G7 Notebook PC Computer portatile Nero 39,6 cm (15.6"") 1366 x 768 Pixel Intel® Core™ i3 di decima generazione 8 GB DDR4-SDRAM 256 GB SSD Wi-Fi 4 (802.11n) Win10Pro"	0 €	0	/HP-250-G7-generazione-DDR4-SDRAM/dp/B08HZ3NMQN/ref=sr_1_86?dchild=1&keywords=computer&qid=1604664293&sr=8-86	5,0
"Lenovo V V15 Grigio Computer portatile 39,6 cm [15.6""] 1920 x 1080 Pixel Intel® Core™ i3 di ottava generazione 8 GB DDR4-SDRAM 256 GB SSD Wi-Fi 5"	0 €	0	/Lenovo-Computer-portatile-generazione-DDR4-SDRAM/dp/B088TRNPBB/ref=sr_1_87?dchild=1&keywords=computer&qid=1604664293&sr=8-87	4,1
Trust Mila Set Altoparlanti 2.0, nero [vecchio modello]	9,90 €	1	/Trust-Mila-Set-Altoparlanti-nero/dp/B002TIJ1HY/ref=sr_1_88?dchild=1&keywords=computer&qid=1604664293&sr=8-88	4,2
Automan	0 €	0	/gp/video/ssoredirect/?ru=https%3A%2F%2Fapp.primevideo.com%2Fdetail%3Fgti%3Damzn1.dv.gti.dcb6b2de-8ae3-32df-4f01-200ac71e1869%26ref_%3Ddvm_src_ret_it_xx_s&page-type-id=B07YBQT6KW&ref=sr_1_89&keywords=computer&qid=1604664293&sr=8-89	-1
"ASUS Chromebook C434TA-AI0367, Notebook Convertibile in alluminio con Monitor 14"" FHD Touchscreen Glossy, Intel Core m3-8100Y, RAM 8GB LPDDR3, 128G eMMC, Sistema operativo Chrome, Argento"	699,00 €	1	/ASUS-Chromebook-C434TA-AI0367-Convertibile-Touchscreen/dp/B08958MZLD/ref=sr_1_90?dchild=1&keywords=computer&qid=1604664293&sr=8-90	5,0
celeste Hard Disk 2 TB Esterno,USB-C Hard Disk Esterno per PC, Mac, Xbox, Desktop, Laptop, MacBook.(2TB,Argento)	63,99 €	1	/celeste-Esterno-Desktop-MacBook-Argento/dp/B08L4XNW5J/ref=sr_1_91?dchild=1&keywords=computer&qid=1604664293&sr=8-91	4,8
"Hp 250 G7 6BP86EA Nero Computer Portatile 39,6 Cm (15.6"") 1366 X 768 Pixel 1,6 Ghz Intel Core I5 di Ottava Generazione I5-8265U"	0 €	0	/Computer-portatile-Intel%C2%AE-generazione-i5-8265U/dp/B07MY2K42R/ref=sr_1_92?dchild=1&keywords=computer&qid=1604664293&sr=8-92	5,0
The Commodore Wars - 8-Bit Generation	0 €	0	/gp/video/ssoredirect/?ru=https%3A%2F%2Fapp.primevideo.com%2Fdetail%3Fgti%3Damzn1.dv.gti.3ab551a3-d675-90f3-5631-691a6fba3565%26ref_%3Ddvm_src_ret_it_xx_s&page-type-id=B0866SZDRR&ref=sr_1_93&keywords=computer&qid=1604664293&sr=8-93	-1
Hard Disk Esterno 1tb Portatile USB3.1 Hard Disk Esterno per PC, Mac, Desktop, Laptop, MacBook, Chromebook	47,99 €	1	/Esterno-Portatile-Desktop-MacBook-Chromebook/dp/B08JHNK8T2/ref=sr_1_94?dchild=1&keywords=computer&qid=1604664293&sr=8-94	4,6
Jahosin - Tappetino per mouse con poggiapolsi ergonomico, in memory foam, antiscivolo, per computer e ufficio, 25 x 23 cm	10,99 €	1	/Jahosin-Tappetino-poggiapolsi-ergonomico-antiscivolo/dp/B08KXXGCZR/ref=sr_1_95?dchild=1&keywords=computer&qid=1604664293&sr=8-95	-1
"Viixm Supporto PC Portatile 5 Angolazioni Regolabili Portatile Porta Notebook Pieghevole in Alluminio Ventilato Porta PC Supporto per MacBook, Huawei Matebook, dell, HP, Lenovo And 10-15.6"" Laptops"	19,99 €	1	/Viixm-Portatile-Angolazioni-Regolabili-Pieghevole/dp/B08CXR2GPD/ref=sr_1_96?dchild=1&keywords=computer&qid=1604664293&sr=8-96	4,6
"HP OMEN 17-cb1075ng Computer Portatile Nero 43,9 cm (17.3"") 1920 x 1080 Pixel Intel® Core i7 di Decima Generazione 16 GB DDR4-SDRAM 1512 GB HDD+SSD NVIDIA GeForce RTX 2070 Super Wi-Fi 6 (802.11ax)"	2.156,80 €	0	/HP-17-cb1075ng-Portatile-Generazione-DDR4-SDRAM/dp/B08935V8YY/ref=sr_1_97?dchild=1&keywords=computer&qid=1604664293&sr=8-97	-1
"Apple MacBook Air Argento Computer Portatile 33,8 cm (13.3"") 2560 x 1600 Pixel Intel® Core i3 di Decima Generazione 8 GB LPDDR4x-SDRAM 256 GB SSD Wi-Fi 5 (802.11ac) macOS Catalina MacBook"	0 €	0	/Apple-Computer-Portatile-Generazione-LPDDR4x-SDRAM/dp/B0863YGN2R/ref=sr_1_98?dchild=1&keywords=computer&qid=1604664293&sr=8-98	4,8
Inateck Borsa Porta PC 15.6 Pollici Impermeabile Borsa Messenger Computer Portatile per Donna Uomo Insegnanti Viaggio Lavoro Università Scuola - Grigio	26,56 €	1	/Inateck-Impermeabile-Messenger-Insegnanti-Universit%C3%A0/dp/B08KZKYCKF/ref=sr_1_99?dchild=1&keywords=computer&qid=1604664293&sr=8-99	5,0
Fanuse 14 Pollici 1080P Laptop 2 GB di RAM 32 GB EMMC Intel Atom Z8350 Quad Core CPU 10 Sistema Computer Portatile (Spina Europea)	223,77 €	0	/Fanuse-Pollici-Sistema-Computer-Portatile/dp/B086P9QKXB/ref=sr_1_100?dchild=1&keywords=computer&qid=1604664293&sr=8-100	-1
Mouse Bluetooth Wireless Compatibile con Laptop/Macbook/iPad/iPhone (iOS 13.1.2 e successiva) PC Computer Android Mini Mouse Silenzioso Ricaricabile per Windows/Linux/Mac 3DPI Regolabile Bluetooth4.0	12,74 €	0	/Compatibile-successiva-Silenzioso-Ricaricabile-Bluetooth4-0/dp/B085H963P5/ref=sr_1_101?dchild=1&keywords=computer&qid=1604664293&sr=8-101	4,5
Trust Primo Borsa Trasporto per Laptop da 16 Pollici, Nero	12,90 €	1	/Trust-Primo-Trasporto-Laptop-Pollici/dp/B01JPF5028/ref=sr_1_102?dchild=1&keywords=computer&qid=1604664293&sr=8-102	4,6
PC DESKTOP 16 GB RAM SSD 240 GB Con licenza Windows 10 pro o Windows 7 proINTEL QUAD CORE Wi-fi 300 Mb/S Fibra HDMI/USB 3.0 PC FISSO COMPLETO ASSEMBLATO	289,99 €	1	/DESKTOP-COMPLETO-ASSEMBLATO-SISTEMA-OPERATIVO/dp/B016MN2GZA/ref=sr_1_103?dchild=1&keywords=computer&qid=1604664293&sr=8-103	4,1
HP Elite 8300 Sff Quad Core 3.20GHz I5-3470 8Gb 500Gb Dvd Wifi di Windows 10 computer PC desktop professionali con antivirus (rinnovato)	104,95 €	0	/HP-Computer-Professionali-antivirus-rinnovato/dp/B0713SMTTD/ref=sr_1_104?dchild=1&keywords=computer&qid=1604664293&sr=8-104	4,3
PC DELL 7010 SFF Intel Core i5 3470 3.20Ghz/RAM 8GB/480GB SSD/DVD+RW/WIN 10 PRO (Ricondizionato)	206,50 €	0	/DELL-Intel-3-20Ghz-480GB-Ricondizionato/dp/B07RR23WR2/ref=sr_1_101?dchild=1&keywords=computer&qid=1604664395&sr=8-101	4,6
PC Computer Desktop Fujitsu Esprimo P720, Windows 10 Professional, Intel Core i5-4570S, Memoria Ram 8GB DDR3, SSD 240GB + HDD 500GB, DVD-ROM (Ricondizionato)	209,90 €	0	/Computer-Desktop-Professional-i5-4570S-Ricondizionato/dp/B08JZJTGSB/ref=sr_1_102?dchild=1&keywords=computer&qid=1604664395&sr=8-102	4,8
"VistaProtect – Filtro Anti Luce Blu Premium per Schermo Laptop PC, Rimovibile (13.3"" Pollici)"	20,99 €	1	/VistaProtect-Premium-Schermo-Rimovibile-Pollici/dp/B08HRQVTMX/ref=sr_1_103?dchild=1&keywords=computer&qid=1604664395&sr=8-103	4,1
AOMOSA Supporto Per Laptop, Supporto Da Scrivania Pieghevole Per Laptop Portatile, Supporto Per Vassoio Ergonomico Leggero E Regolabile, Supporti Da Scrivania Per Computer Ventilati In Alluminio.	9,78 €	1	/AOMOSA-Pieghevole-Ergonomico-Regolabile-Alluminio/dp/B08HD1M9CK/ref=sr_1_104?dchild=1&keywords=computer&qid=1604664395&sr=8-104	5,0
LONGING Supporto PC Portatile Alluminio per ASUS/Lenovo/Acer/dell XPS/HP/MacBook Air PRO/Samsung Chromebook/Supporti Tablet Notebook pc Computer Stand -Argento	13,99 €	1	/LONGING-Supporto-Portatile-Alluminio-Chromebook/dp/B08H5PX9YD/ref=sr_1_105?dchild=1&keywords=computer&qid=1604664395&sr=8-105	4,4
HP - Case EliteDesk 8300 SFF Intel Core i7 512GB SSD, hard disk, RAM da 16 GB, Windows 10 Pro, con masterizzatore DVD (certificato e rigenerato)	305,72 €	0	/HP-EliteDesk-masterizzatore-certificato-rigenerato/dp/B081K34T16/ref=sr_1_106?dchild=1&keywords=computer&qid=1604664395&sr=8-106	4,2
"ASUS ZenBook PRO UX581LV-H2024T Notebook/Portatile Computer Portatile 39,6 cm (15.6"") 3840 x 2160 Pixel Touch Screen Intel® Core i9 di Decima Generazione 32 GB DDR4-SDRAM 1000 GB NVIDIA® GeForce"	4.057,53 €	0	/ASUS-UX581LV-H2024T-Portatile-Generazione-DDR4-SDRAM/dp/B086RDWZSM/ref=sr_1_107?dchild=1&keywords=computer&qid=1604664395&sr=8-107	4,0
PC Computer Desktop Tower HP Elite 8200, Windows 10 Professional, Intel Core i5-2400, Memoria Ram 8GB DDR3, SSD 120GB + HDD 500GB, DVD-ROM (Ricondizionato)	159,90 €	0	/Computer-Desktop-HP-Professional-Ricondizionato/dp/B088FPMBRS/ref=sr_1_108?dchild=1&keywords=computer&qid=1604664395&sr=8-108	5,0
Pc fisso Computer Desktop INTEL CORE I7-9700F OCTA CORE - 16 GB RAM DDR4 - SSD 240 - HDD 1 TB - Windows 10 PRO - Masterizzatore DVD - WIFI - VIDEO DEDICATA 1 GB - Assemblato Completo	789,99 €	0	/fisso-Computer-Desktop-INTEL-I7-9700F/dp/B083Y5RM41/ref=sr_1_109?dchild=1&keywords=computer&qid=1604664395&sr=8-109	-1
EverVanz, Borsa a Tracolla Convertibile, Zaino per Computer Portatile, Borsa Casual, Borsa Messaggero Unisex, Valigetta In Poliestere per Laptop da 15 a 17 Pollici, Resistente all'Acqua	33,99 €	1	/EverVanz-Convertibile-Messaggero-Poliestere-Resistente/dp/B08DHHW38S/ref=sr_1_110?dchild=1&keywords=computer&qid=1604664395&sr=8-110	5,0
Lemnoi Webcam Full HD 1080P con Microfono, Webcam Web USB 2.0/3.0 per PC, Webcam per Computer Plug And Play per videochiamate, Laptop, Facebook, Streaming Live, Youtube, Giochi e conferenze	15,99 €	1	/Lemnoi-Microfono-videochiamate-Streaming-conferenze/dp/B087CSZTNM/ref=sr_1_111?dchild=1&keywords=computer&qid=1604664395&sr=8-111	3,7
BONTEC Supporto per Monitor in Legno, Supporto per Monitor da Scrivania con Supporto per Smartphone e Gestione dei Cavi, Supporto Ergonomico per Laptop, Computer, Notebook, iMac, W420 x D235 x H104mm	16,79 €	1	/1home-Supporto-monitore-altoparlante-portatile/dp/B01M6CZ4AA/ref=sr_1_112?dchild=1&keywords=computer&qid=1604664395&sr=8-112	4,5
Babacom Supporto PC Portatile, Alluminio Ventilato Porta Notebook, Raffreddamento Regolabile Porta PC, Leggero Notebook Riser Compatibile con MacBook Air/pro, Huawei Matebook D/Altri 10-15.6” Tablet	18,99 €	1	/Babacom-Portatile-Alluminio-Ergonomico-Regolabile/dp/B07TBR2WYD/ref=sr_1_113?dchild=1&keywords=computer&qid=1604664395&sr=8-113	4,6
EasyULT Webcam Full HD 1080P con Microfono e Copertura Webcam, USB 2.0 Fotocamera, Stereo Elecamera PC Ridurre Il Rumore, per PC Fisso, Laptop y Mac, per Videochiamate, Studio, Conferenza	26,99 €	1	/EasyULT-Microfono-Fotocamera-Videochiamate-Conferenza/dp/B088CTKHDH/ref=sr_1_114?dchild=1&keywords=computer&qid=1604664395&sr=8-114	4,4
"Notebook Pc Portatile Lenovo Led da 15.6"" / Cpu Amd A4 2.30GHz / Ram 4Gb Ddr4 / Ssd 256gb / Grafica Radeon R3 / Hdmi / Masterizzatore / Wi fi / Bluetooth / Office Open surce / Windows 10 professional"	0 €	0	/Portatile-Lenovo-Masterizzatore-Bluetooth-professional/dp/B07RT2MM57/ref=sr_1_115?dchild=1&keywords=computer&qid=1604664395&sr=8-115	3,9
"ivoler Supporto PC Portatile, Angolazione Regolabile Porta Notebook, Alluminio Ventilato Porta PC Supporto per MacBook/PRO/Air/iPad/Huawei Matebook D/HP/Altri 10-15.6"" Laptop Tablet iPad-Argento"	19,99 €	1	/Portatile-Angolazione-Regolabile-Pieghevole-Alluminio/dp/B07XNP2KKK/ref=sr_1_116?dchild=1&keywords=computer&qid=1604664395&sr=8-116	4,6
"Apple MacBook PRO Grigio Computer Portatile 40,6 cm (16"") 3072 x 1920 Pixel 9th Gen Intel® Core i7 16 GB DDR4-SDRAM 512 GB SSD macOS Catalina MacBook PRO, 9th Gen Intel® Core i7, 2,6"	0 €	0	/Apple-Computer-Portatile-DDR4-SDRAM-Catalina/dp/B081FW6TPQ/ref=sr_1_121?dchild=1&keywords=computer&qid=1604664395&sr=8-121	4,7
Space Valley	0 €	0	/gp/video/ssoredirect/?ru=https%3A%2F%2Fapp.primevideo.com%2Fdetail%3Fgti%3Damzn1.dv.gti.b6b58538-2938-b3c3-60e8-eae3cbaba27f%26ref_%3Ddvm_src_ret_it_xx_s&page-type-id=B07X13KXLQ&ref=sr_1_122&keywords=computer&qid=1604664395&sr=8-122	-1
"ASUS Chromebook C434TA-AI0367, Notebook Convertibile in alluminio con Monitor 14"" FHD Touchscreen Glossy, Intel Core m3-8100Y, RAM 8GB LPDDR3, 128G eMMC, Sistema operativo Chrome, Argento"	699,00 €	1	/ASUS-Chromebook-C434TA-AI0367-Convertibile-Touchscreen/dp/B08958MZLD/ref=sr_1_123?dchild=1&keywords=computer&qid=1604664395&sr=8-123	5,0
"Lenovo V V15 Grigio Computer portatile 39,6 cm [15.6""] 1920 x 1080 Pixel Intel® Core™ i3 di ottava generazione 8 GB DDR4-SDRAM 256 GB SSD Wi-Fi 5"	0 €	0	/Lenovo-Computer-portatile-generazione-DDR4-SDRAM/dp/B088TRNPBB/ref=sr_1_124?dchild=1&keywords=computer&qid=1604664395&sr=8-124	4,1
Logitech M185 Mouse Wireless, 2.4 GHz con Mini Ricevitore USB, Durata Batteria Fino a 12 Mesi, Rilevamento Ottico 1000 DPI, Ambidestro, PC/Mac/Laptop, Grigio	9,99 €	1	/Logitech-M185-Wireless-Mouse-Grigio/dp/B00552K0GM/ref=sr_1_125?dchild=1&keywords=computer&qid=1604664395&sr=8-125	4,6
Computer fisso INTEL CORE i5 QUAD CORE pc desktop SSD 120 HDD 1 TB RAM 8 GB WINDOWS 10 PRO COA STICKER - WiFi - ALTE PRESTAZIONI SISTEMA OPERATIVO COMPLETO	299,99 €	0	/Computer-fisso-desktop-WINDOWS-STICKER/dp/B07CL9MJ82/ref=sr_1_126?dchild=1&keywords=computer&qid=1604664395&sr=8-126	3,9
"Acer Aspire 3 A315-56-5205 - Computer portatile 15,6"" FHD (Core i5, 8 GB di RAM, SSD 512 GB, Intel UHD Graphics, Windows 10F)"	739,25 €	1	/Acer-Aspire-A315-56-5205-Computer-portatile/dp/B089T436YR/ref=sr_1_127?dchild=1&keywords=computer&qid=1604664395&sr=8-127	3,9
Mini PC, Intel Pentium J3710 Processore Quad-Core CPU 4 GB DDR / 128 GB SSD Mini Desktop Computer con Windows 10, HDMI e VGA, Dual Band WiFi 2,4 + 5,8 G, BT 4.2, USB 3.0	189,99 €	1	/Pentium-Processore-Quad-Core-Desktop-Computer/dp/B08H816MBC/ref=sr_1_128?dchild=1&keywords=computer&qid=1604664395&sr=8-128	4,7
Tastiera wireless - 2.4G Tastiera wireless ricaricabile Design ergonomico a grandezza naturale con tastierino numerico, connessione stabile Tastiera bianca sottile per Windows, computer Mac OS	32,99 €	1	/Tastiera-wireless-ricaricabile-ergonomico-connessione/dp/B089K4HMXY/ref=sr_1_129?dchild=1&keywords=computer&qid=1604664395&sr=8-129	5,0
ZILNK Videocamera USB 1080P, Webcam con Microfono, Laptop Desktop PC Videocamera Web Full HD per Videochiamate, Studio, Conferenze, Registrazione, Riproduzione con Clip Rotante, USB 2.0	34,99 €	1	/Videocamera-Videochiamate-Conferenze-Registrazione-Riproduzione/dp/B083SCMP6W/ref=sr_1_130?dchild=1&keywords=computer&qid=1604664395&sr=8-130	4,2
"Dell Latitude 5300 Nero Computer Portatile 33,8 cm (13.3"") 1920 x 1080 Pixel Intel Core i5 di ottava Generazione i5-8265U 8 GB DDR4-SDRAM 256 GB SSD - DELL Latitude 5300"	940,76 €	1	/DELL-Latitude-8RGFP-i5-8265U-256GB/dp/B07SQB52JZ/ref=sr_1_131?dchild=1&keywords=computer&qid=1604664395&sr=8-131	-1
"ASUS UX325JA-AH019T Computer Portatile Grigio 33 cm (13"") 1920 x 1080 Pixel Intel® Core i7 di Decima Generazione 16 GB LPDDR4x-SDRAM 1000 GB SSD Wi-Fi 6 (802.11ax) Windows 10 Home UX325JA-"	2.031,06 €	0	/ASUS-UX325JA-AH019T-Portatile-Generazione-LPDDR4x-SDRAM/dp/B086RBPPKC/ref=sr_1_132?dchild=1&keywords=computer&qid=1604664395&sr=8-132	-1
Mini PC RAM da 8 GB aggiornabile SSD da 256 GB Processore Intel Core i5-5257U (fino a 3,1 Ghz),Computer desktop Windows 10 Pro 4K HD con porta USB-C/HDMI/Mini DP,2X Ethernet Doppio Wi-Fi	349,99 €	0	/aggiornabile-Processore-i5-5257U-Computer-Ethernet/dp/B0895DNN4B/ref=sr_1_133?dchild=1&keywords=computer&qid=1604664395&sr=8-133	4,6
Mouse Bluetooth Wireless Compatibile con Laptop/Macbook/iPad/iPhone (iOS 13.1.2 e successiva) PC Computer Android Mini Mouse Silenzioso Ricaricabile per Windows/Linux/Mac 3DPI Regolabile Bluetooth4.0	12,74 €	0	/Compatibile-successiva-Silenzioso-Ricaricabile-Bluetooth4-0/dp/B085H963P5/ref=sr_1_134?dchild=1&keywords=computer&qid=1604664395&sr=8-134	4,5
PC RICONDIZIONATO HP ELITE 8300 SFF INTEL CORE i7 3770 3,40Ghz/8GB/SSD 120GB/DVD/WIN 10 PRO (Ricondizionato) )	235,00 €	1	/RICONDIZIONATO-HP-ELITE-INTEL-Ricondizionato/dp/B07JNBKHSS/ref=sr_1_135?dchild=1&keywords=computer&qid=1604664395&sr=8-135	4,5
AtailorBird Tappetino Mouse, 220mm Mouse Pad in Pelle Impermeabile Mousepad PU Antiscivolo Tappetini Mouse Tondo con Superficie Liscio per Gaming, Ufficio, Laptop, Double-Sided, Rosa-Porpora	7,39 €	1	/AtailorBird-Impermeabile-Antiscivolo-Double-Sided-Rosa-Porpora/dp/B086WSDW83/ref=sr_1_136?dchild=1&keywords=computer&qid=1604664395&sr=8-136	4,4
BIGMAC Computer portatile da 10 pollici Android 6.0 Quad core laptop mini netbook 8GB WIFI webcam Netflix YouTube google Flash ultra-sottile (Rosa)	159,00 €	1	/BIGMAC-Computer-portatile-pollici-ultra-sottile/dp/B087R1D8CB/ref=sr_1_137?dchild=1&keywords=computer&qid=1604664395&sr=8-137	3,6
WisFox Mouse Senza Fili, 2.4G Wireless Mouse Laptop Mouse Computer Antiscivolo Ergonomico Mouse USB 6 Pulsanti con Ricevitore Nano 3 Livelli DPI Regolabili Mouse Senza Fili per Windows, Mac (Verde)	12,99 €	1	/WisFox-Antiscivolo-Ergonomico-Ricevitore-Regolabili/dp/B089K34S4B/ref=sr_1_138?dchild=1&keywords=computer&qid=1604664395&sr=8-138	4,8
Inateck Borsa Porta PC 15.6 Pollici Impermeabile Borsa Messenger Computer Portatile per Donna Uomo Insegnanti Viaggio Lavoro Università Scuola - Grigio	26,56 €	1	/Inateck-Impermeabile-Messenger-Insegnanti-Universit%C3%A0/dp/B08KZKYCKF/ref=sr_1_139?dchild=1&keywords=computer&qid=1604664395&sr=8-139	5,0
HP Slim Desktop S01-pF1001ns – Computer desktop (Intel Core i3-10100, SDRAM DDR4-2666 da 8 GB (1 x 8 GB), SSD da 512 GB PCIe NVMe M.2, Intel UHD Graphics 630, FreeDOS) nero	423,46 €	1	/HP-Slim-Desktop-S01-pF1001ns-DDR4-2666/dp/B08HZB3WVC/ref=sr_1_140?dchild=1&keywords=computer&qid=1604664395&sr=8-140	-1
"SAMSUNG Galaxy Book Ion NP950XCJ-X01DE Notebook/Portatile Computer Portatile Argento 39,6 cm (15.6"") 1920 x 1080 Pixel Intel® Core i7 di Decima Generazione 16 GB DDR4-SDRAM 512 GB SSD Wi-Fi 6 ("	2.015,89 €	1	/SAMSUNG-NP950XCJ-X01DE-Portatile-Generazione-DDR4-SDRAM/dp/B0892QX5DG/ref=sr_1_141?dchild=1&keywords=computer&qid=1604664395&sr=8-141	3,3
You Are Wanted - Season 2	0 €	0	/gp/video/ssoredirect/?ru=https%3A%2F%2Fapp.primevideo.com%2Fdetail%3Fgti%3Damzn1.dv.gti.50b1b0dd-f8c9-c43a-add9-a031398ac178%26ref_%3Ddvm_src_ret_it_xx_s&page-type-id=B07WH4FZ3T&ref=sr_1_142&keywords=computer&qid=1604664395&sr=8-142	-1
"Acer Nitro 5 AN515-44-R6WC Notebook Gaming con Processore AMD Ryzen 7 4800H, Ram 8 GB DDR4, 512 GB PCIe NVMe SSD, Display 15.6"" FHD IPS LED LCD, NVIDIA GeForce GTX 1650 4 GB, Windows 10 Home"	1.099,00 €	1	/Acer-AN515-44-R6WC-Notebook-Processore-Display/dp/B087D42TS5/ref=sr_1_143?dchild=1&keywords=computer&qid=1604664395&sr=8-143	4,5
Inateck Custodia PC 15-15.6 Pollici Borsa per Laptop Chromebook, Notebook, Matebook, Ultrabook e Netbook HP/Acer/Dell/Lenovo/Sony/Toshiba, con Borsa per Accessori - Grigio	20,99 €	1	/Inateck-Custodia-Chromebook-Ultrabook-Accessori/dp/B08KFZQK6G/ref=sr_1_144?dchild=1&keywords=computer&qid=1604664395&sr=8-144	4,7
HP - PC 15-dw1016nl Notebook, Intel Core i7-10510U, RAM 8 GB, SSD 256 GB, NVIDIA GeForce MX130 2 GB, Windows 10 Home, HP Fast Charge, Lettore Micro SD, USB-C, HDMI, Webcam, RJ-45, Argento	899,99 €	1	/HP-15-dw1016nl-Notebook-i7-10510U-GeForce/dp/B08BKTWDQQ/ref=sr_1_145?dchild=1&keywords=computer&qid=1604664395&sr=8-145	4,4
GMFIVE Supporto per Laptop in Alluminio Regolabile in Altezza Rotazione a 360° Ergonomica Ventilato Universale Compatibile per Computer Portatile(11-17,3 Pollici) MacBook Pro etc	38,99 €	1	/Alluminio-Regolabile-Ergonomica-Universale-Compatibile/dp/B08CV3Z9G3/ref=sr_1_146?dchild=1&keywords=computer&qid=1604664395&sr=8-146	4,8
Creative Pebble V2 - Altoparlanti da scrivania alimentati da USB-C 2.0, ingresso AUX da 3,5 mm, alimentazione RMS fino a 8 W per computer, adattatore di tipo A in dotazione e prolunga (nera)	24,99 €	0	/Creative-Pebble-Altoparlanti-alimentati-alimentazione/dp/B07VVP8BGD/ref=sr_1_147?dchild=1&keywords=computer&qid=1604664395&sr=8-147	4,7
Quntis Screen Monitor Lampada a LED USB per protezione degli occhi, lampada da scrivania regolabile in colori dimmerabili senza sfarfallio, lampada da lavoro salvaspazio lampada da schermo	37,95 €	1	/Quntis-protezione-regolabile-dimmerabili-salvaspazio/dp/B083BL5TDC/ref=sr_1_148?dchild=1&keywords=computer&qid=1604664395&sr=8-148	4,6
AITOO Webcam HD 1080p con microfono, Full HD 1080P Webcam USB Pc Computer Camera con Microfono Driver Video Webcam per Insegnare Online Live Broadcast	19,87 €	1	/AITOO-microfono-Microfono-Insegnare-Broadcast/dp/B089W8B4M6/ref=sr_1_149?dchild=1&keywords=computer&qid=1604664395&sr=8-149	-1
"DELL Latitude 5500 Nero Computer portatile 39,6 cm (15.6"") 1920 x 1080 Pixel Intel® Core™ i7 di ottava generazione i7-8665U 16 GB DDR4-SDRAM 512 GB SSD"	1.519,43 €	1	/DELL-Latitude-P2MT0-i7-8665U-512GB/dp/B07SQFRP76/ref=sr_1_150?dchild=1&keywords=computer&qid=1604664395&sr=8-150	-1
Beelink U57 Mini PC Intel Core i5-5257U Processore Windows 10, Mini Computer Desktop con 8G RAM+ 512G SSD/Doppio HDMI/Doppio WiFi/Tipo-C/Gigabit Ethernet/BT 4.0	388,90 €	1	/Beelink-i5-5257U-Processore-Computer-Ethernet/dp/B08JBTPTR3/ref=sr_1_151?dchild=1&keywords=computer&qid=1604664395&sr=8-151	-1
Teaisiy Webcam per PC, Webcam con Microfono HD 1080P 30PFS Può Essere Fisso per Videochiamate, Studio, Conferenza, Registrazione e Lavoro, Video Camera USB 2.0 per Desktop, Laptop, Smart TV	24,99 €	1	/Teaisiy-Microfono-Videochiamate-Conferenza-Registrazione/dp/B088NWCPW7/ref=sr_1_152?dchild=1&keywords=computer&qid=1604664395&sr=8-152	4,6
Apple Smart Cover (per iPad - ottava generazione) - Verde Cipro	54,89 €	1	/Apple-Smart-Cover-ottava-generazione/dp/B08J685X4P/ref=sr_1_148?dchild=1&keywords=computer&qid=1604664497&sr=8-148	5,0
"DELL Latitude 5500 Nero Computer portatile 39,6 cm (15.6"") 1920 x 1080 Pixel Intel® Core™ i7 di ottava generazione i7-8665U 16 GB DDR4-SDRAM 512 GB SSD"	1.519,43 €	1	/DELL-Latitude-P2MT0-i7-8665U-512GB/dp/B07SQFRP76/ref=sr_1_149?dchild=1&keywords=computer&qid=1604664497&sr=8-149	-1
iVoler [6 Pack] Webcam Cover, Copri Webcam Slider Copertura Webcam Ultra Sottile Camera Cover per Macboook PRO, iPad, iPhone, Computer Portatile, Laptop, PC, Tablet, Smartphones - (Nero)	5,99 €	1	/iVoler-Copertura-Macboook-Portatile-Smartphones/dp/B07KS9Z4RF/ref=sr_1_150?dchild=1&keywords=computer&qid=1604664497&sr=8-150	4,4
LOVEVOOK Zaino per Computer Portatile da università Moda, 15,6 Pollici Laptop Donna Impermeabile, Borsa Porta PC Elegante con Caricatore USB, Zaini per Laptop Casual Lavoro/Viaggi/Affari/Scuola	33,99 €	1	/LOVEVOOK-Portatile-universit%C3%A0-Impermeabile-Caricatore/dp/B08HRG6YH3/ref=sr_1_151?dchild=1&keywords=computer&qid=1604664497&sr=8-151	4,8
"ASUS ROG Strix G15 G512LI-HN113T, Notebook Monitor 15,6"" FHD Anti-Glare 144Hz, Intel Core i7-10750H, RAM 16GB DDR4, Grafica NVIDIA GeForce GTX1650 Ti 4GB, 512GB SSD PCIE, Windows10 Home, Nero scuro"	1.199,00 €	0	/ASUS-G512LI-HN113T-Anti-Glare-i7-10750H-Windows10/dp/B086VR1G9F/ref=sr_1_152?dchild=1&keywords=computer&qid=1604664497&sr=8-152	4,3
"ASUS ZenBook PRO UX581LV-H2024T Notebook/Portatile Computer Portatile 39,6 cm (15.6"") 3840 x 2160 Pixel Touch Screen Intel® Core i9 di Decima Generazione 32 GB DDR4-SDRAM 1000 GB NVIDIA® GeForce"	4.057,53 €	0	/ASUS-UX581LV-H2024T-Portatile-Generazione-DDR4-SDRAM/dp/B086RDWZSM/ref=sr_1_153?dchild=1&keywords=computer&qid=1604664497&sr=8-153	4,0
"Microsoft Surface Laptop 3, 13"", Core i5, RAM 8 GB, SSD 256 GB, Nero"	1.398,99 €	1	/Microsoft-Surface-Laptop-Core-Nero/dp/B07XVTHTC2/ref=sr_1_154?dchild=1&keywords=computer&qid=1604664497&sr=8-154	4,5
CHUWI AeroBook Plus Portatile Ultrabook 15.6 Pollici Laptop WIN10 Home Intel Iris Graphics 550 (i5) 8GB RAM 256GB SSD 3840 * 2160 Type c M.2 HD video port WiFi, BT4.2, Grigio	0 €	0	/CHUWI-AeroBook-Plus-Portatile-Ultrabook/dp/B08BF6ZGVX/ref=sr_1_155?dchild=1&keywords=computer&qid=1604664497&sr=8-155	4,7
Umitive Altoparlante USB per Computer con Stereo Surround 3D, Ampia Compatibilità, Design Antiscivolo, Plug And Play, Mini Casse Soundbar Computer Portatile per Home Theater, Ufficio e Dormitorio	16,99 €	1	/Umitive-Altoparlante-Compatibilit%C3%A0-Antiscivolo-Dormitorio/dp/B08JTRML6R/ref=sr_1_156?dchild=1&keywords=computer&qid=1604664497&sr=8-156	4,6
"Mobile Pixels Trio Max – Sistema di monitor portatile da 14"", per computer portatili, colore: nero"	281,31 €	1	/Mobile-Pixels-Trio-Max-portatile/dp/B08FXQQ4SJ/ref=sr_1_157?dchild=1&keywords=computer&qid=1604664497&sr=8-157	3,5
Eagle Eye	3,99 €	0	/gp/video/ssoredirect/?ru=https%3A%2F%2Fapp.primevideo.com%2Fdetail%3Fgti%3Damzn1.dv.gti.56ac3cf7-5cde-4390-1e0d-6e2cc7714e3c%26ref_%3Ddvm_src_ret_it_xx_s&page-type-id=B07WG4F29Q&ref=sr_1_158&keywords=computer&qid=1604664497&sr=8-158	4,7
Masterizzatore Esterno Blu Ray 3D, Lettore DVD Blu Ray Esterno 4K Portatile USB 3.0 BD CD DVD RW Rom Player Burner per Laptop/Desktop, Mac/OS/XP/Win7/Win8	89,99 €	1	/Masterizzatore-Esterno-Lettore-Portatile-Desktop/dp/B08HWYGP64/ref=sr_1_159?dchild=1&keywords=computer&qid=1604664497&sr=8-159	4,7
"NIDOO 14 Pollici Laptop Sleeve Custodia Computer Portatile Borsa Protettiva per 14"" Lenovo Chromebook S330 / Lenovo ThinkPad E490 T490 T490s T590 / HP ProBook 645 G4 / Acer Swift 5 7,Blu"	15,99 €	1	/Nidoo-Custodia-protettiva-portatile-Scarpette/dp/B07R9SVGCJ/ref=sr_1_160?dchild=1&keywords=computer&qid=1604664497&sr=8-160	4,7
"MSI Gaming GS66 10SGS-205 Stealth Nero Computer Portatile 39,6 cm (15.6"") 1920 x 1080 Pixel Intel® Core i7 di Decima Generazione 16 GB DDR4-SDRAM 1000 GB SSD NVIDIA GeForce RTX 2080 Super Wi-Fi 6"	4.020,24 €	1	/MSI-10SGS-205-Portatile-Generazione-DDR4-SDRAM/dp/B086N797P6/ref=sr_1_161?dchild=1&keywords=computer&qid=1604664497&sr=8-161	5,0
"Acer Nitro 5 AN515-54-55CQ Notebook Gaming, Intel Core i5-9300H, Ram 8 GB, 512 GB PCIe NVMe SSD, Display 15.6"" FHD IPS 60 Hz LCD, Nvidia GeForce GTX 1650 4 GB GDDR5, No Sistema Operativo"	899,00 €	1	/Acer-AN515-54-55CQ-Notebook-i5-9300H-Operativo/dp/B084XLFCX3/ref=sr_1_162?dchild=1&keywords=computer&qid=1604664497&sr=8-162	3,1
"Lenovo ThinkBook 15 Grigio Computer Portatile 39,6 cm (15.6"") 1920 x 1080 Pixel Intel® Core i7 di Decima Generazione 16 GB DDR4-SDRAM 512 GB SSD Wi-Fi 6 (802.11ax) ThinkBook 15, Intel®"	1.084,61 €	1	/Lenovo-ThinkBook-Portatile-Generazione-DDR4-SDRAM/dp/B08656628P/ref=sr_1_163?dchild=1&keywords=computer&qid=1604664497&sr=8-163	2,7
"LENOVO Essential V145 Notebook 15,6"" HD (1366x768) Ram 4GB, SSD 256GB, CPU AMD A4, Radeon R3, WIFI Bluetooth Webcam Win 10 Integrato (256GB SSD)"	0 €	0	/Essential-Notebook-1366x768-Bluetooth-Integrato/dp/B07RG7H8T5/ref=sr_1_168?dchild=1&keywords=computer&qid=1604664497&sr=8-168	4,1
"KROSER Borsa del Portatile Cartella Leggera Espandibile Aggiornata da 18"" per Laptop 17.3"" Borsa da Lavoro Premium Borsa Messenger Idrorepellente con Tasche RFID per Scuola/Viaggio/Donna/Uomo-Nero"	32,99 €	1	/KROSER-Portatile-Espandibile-Aggiornata-Idrorepellente/dp/B0885Z3MB3/ref=sr_1_169?dchild=1&keywords=computer&qid=1604664497&sr=8-169	4,6
"Apple MacBook Air Oro Computer Portatile 33,8 cm (13.3"") 2560 x 1600 Pixel Intel® Core i3 di Decima Generazione 8 GB LPDDR4x-SDRAM 256 GB SSD Wi-Fi 5 (802.11ac) macOS Catalina MacBook Air,"	0 €	0	/Apple-Computer-Portatile-Generazione-LPDDR4x-SDRAM/dp/B0863ZJ1T3/ref=sr_1_170?dchild=1&keywords=computer&qid=1604664497&sr=8-170	4,7
"HP - Gaming Pavilion 16-a0019nl Notebook, Intel Core i7-10750H, RAM 16 GB, SSD 512 GB, NVIDIA GeForce GTX 1650Ti 4 GB, Windows 10 Home, Schermo 16.1"" FHD IPS, Webcam, USB-C, HDMI, RJ-45, Nero"	1.299,99 €	1	/HP-Pavilion-16-a0019nl-Notebook-i7-10750H/dp/B08BKV4VVW/ref=sr_1_171?dchild=1&keywords=computer&qid=1604664497&sr=8-171	5,0
"HP - Gaming OMEN 15-dh1002nl Notebook, Intel Core i7-10750H, RAM 16 GB, SSD 512 GB, NVIDIA GeForce RTX 2070 8 GB, Windows 10 Home, Schermo 15.6"" FHD IPS 144 Hz, Bang&Olufsen, USB-C, HDMI, RJ-45, Nero"	1.899,00 €	1	/HP-15-dh1002nl-Notebook-i7-10750H-GeForce/dp/B08BKSM5MM/ref=sr_1_172?dchild=1&keywords=computer&qid=1604664497&sr=8-172	4,5
"Apple MacBook PRO Grigio Computer Portatile 33,8 cm (13.3"") 2560 x 1600 Pixel Intel® Core i5 di Decima Generazione 16 GB LPDDR4x-SDRAM 512 GB SSD Wi-Fi 5 (802.11ac) macOS Catalina MacBook"	0 €	0	/Apple-Computer-Portatile-Generazione-LPDDR4x-SDRAM/dp/B08833J7GD/ref=sr_1_173?dchild=1&keywords=computer&qid=1604664497&sr=8-173	4,8
Beelink BT3PRO II Mini PC, Mini Computer Desktop con HDMI e VGA, Processore Intel Atom X5-Z8350, WiFi da 4GB+64GB, 2,4G/5,8G Dual Band, BT 4.0, 4K, 1000 Mbps LAN, Supporto Windows 10	156,99 €	1	/Beelink-Computer-Processore-X5-Z8350-Supporto/dp/B07JJ913RP/ref=sr_1_174?dchild=1&keywords=computer&qid=1604664497&sr=8-174	4,0
Anykuu Webcam 1080p Full HD con Microfono USB Webcam Compatibile con Windows per Laptop PC Desktop USB 2.0 Supporto Vari Strumenti di Chat e Software di videoconferenza	29,99 €	1	/Anykuu-Microfono-Compatibile-Strumenti-videoconferenza/dp/B08BHHBYDY/ref=sr_1_175?dchild=1&keywords=computer&qid=1604664497&sr=8-175	4,3
MOSISO Custodia MacBook PRO 16 Pollici 2020 2019 Case A2141 con Touch Bar e Touch ID, Ultra Sottile Plastica Custodia Protettiva Rigida Compatibile con MacBook PRO 16 Pollici, Rosa	12,99 €	1	/MOSISO-Custodia-Plastica-Protettiva-Compatibile/dp/B081PST29N/ref=sr_1_176?dchild=1&keywords=computer&qid=1604664497&sr=8-176	4,0
Inateck Custodia PC 15-15.6 Pollici Borsa per Laptop Chromebook, Notebook, Matebook, Ultrabook e Netbook HP/Acer/Dell/Lenovo/Sony/Toshiba, con Borsa per Accessori - Grigio	20,99 €	1	/Inateck-Custodia-Chromebook-Ultrabook-Accessori/dp/B08KFZQK6G/ref=sr_1_177?dchild=1&keywords=computer&qid=1604664497&sr=8-177	4,7
PICTEK Mouse Gaming, Mouse RGB Ergonomico da 8000 DPI (5 livelli), 8 Pulsanti Programmabili, 7 Modalità di Illuminazione RGB Personalizzabili, Mouse USB per PC, laptop, MacBook	19,99 €	1	/PICTEK-Ergonomico-Programmabili-Illuminazione-Personalizzabili/dp/B089R4X9V5/ref=sr_1_178?dchild=1&keywords=computer&qid=1604664497&sr=8-178	4,7
"HP - PC Chromebook 14a-na0003nl, Intel Celeron N4000, RAM 4 GB, eMMC 64 GB, Sistema Operativo Chrome OS, Google Play Store, Schermo FHD 14"", Audio Bang&Olufsen, USB-C, Webcam, Argento [CB]"	0 €	0	/HP-Chromebook-14a-na0003nl-Celeron-Operativo/dp/B087GKJ2RR/ref=sr_1_179?dchild=1&keywords=computer&qid=1604664497&sr=8-179	4,2
"Apple MacBook PRO Grigio Computer Portatile 40,6 cm (16"") 3072 x 1920 Pixel 9th Gen Intel® Core i9 16 GB DDR4-SDRAM 1024 GB SSD macOS Catalina MacBook PRO, 9th Gen Intel® Core i9, 2,3"	0 €	0	/Apple-Computer-Portatile-DDR4-SDRAM-Catalina/dp/B081FX5SRY/ref=sr_1_180?dchild=1&keywords=computer&qid=1604664497&sr=8-180	4,6
"Acer Aspire C24-320 Computer Fisso All in One, Pc Desktop con Processore AMD A9 A9-9425, Ram 8 GB DDR4, 256 GB M.2 SATA SSD, Display 23.8"" FHD IPS, AMD Radeon R5, Wireless Lan, Windows 10 Home"	599,00 €	1	/Acer-C24-320-Computer-Processore-Wireless/dp/B087DL3WKF/ref=sr_1_181?dchild=1&keywords=computer&qid=1604664497&sr=8-181	4,4
Season 03	0 €	0	/gp/video/ssoredirect/?ru=https%3A%2F%2Fapp.primevideo.com%2Fdetail%3Fgti%3Damzn1.dv.gti.26b1dbc1-e94d-9a56-1644-66a74e5842f8%26ref_%3Ddvm_src_ret_it_xx_s&page-type-id=B07WH4FTWS&ref=sr_1_182&keywords=computer&qid=1604664497&sr=8-182	-1
MSI X470 Gaming Pro Max X470.	126,09 €	0	/MSI-X470-Gaming-Pro-Max/dp/B07WC8VKWG/ref=sr_1_183?dchild=1&keywords=computer&qid=1604664497&sr=8-183	4,7
"ASUS TUF VR Ready Gaming Laptop, 15.6"" IPS FHD, AMD Ryzen 7-4800H Octa-Core 4.20 GHz, NVIDIA RTX 2060, 16GB RAM, 512GB SSD+1TB HDD, RGB Backlit KB, RJ-45 Ethernet, Win 10 QWERTY US Version"	1.236,79 €	0	/ASUS-7-4800H-Octa-Core-Backlit-Ethernet/dp/B089NWYMY9/ref=sr_1_184?dchild=1&keywords=computer&qid=1604664497&sr=8-184	-1
"Acer Aspire 3 A315-56-582U Computer Portatile Nero 39,6 cm (15.6"") 1920 x 1080 Pixel Intel® Core i5 di Decima Generazione 8 GB DDR4-SDRAM 1000 GB SSD Wi-Fi 5 (802.11ac) Windows 10 Home"	1.207,62 €	1	/Acer-A315-56-582U-Portatile-Generazione-DDR4-SDRAM/dp/B0875CKBGH/ref=sr_1_185?dchild=1&keywords=computer&qid=1604664497&sr=8-185	-1
"Nuovo Apple MacBook Pro (13"", 16GB RAM, 512GB Memoria SSD, Magic Keyboard) - Argento"	2.029,02 €	1	/Nuovo-Apple-MacBook-Memoria-Keyboard/dp/B0882T64W8/ref=sr_1_186?dchild=1&keywords=computer&qid=1604664497&sr=8-186	4,6
"ASUS Chromebook C223NA-GJ0067, Notebook con Monitor 11.6"" HD Anti-Glare, Intel Celeron N3350, RAM 4GB LPDDR4, 32G eMMC, Sistema operativo Chrome, Grigio"	269,00 €	1	/ASUS-Chromebook-C223NA-GJ0067-Anti-Glare-operativo/dp/B0895CRMC6/ref=sr_1_187?dchild=1&keywords=computer&qid=1604664497&sr=8-187	-1
Salviette Schermo Confezionate Singolarmente, Salviette Disinfettanti Pulitori antibatterici per Monitor, Salviette per Schermo a Sfregamento per Laptop iPad Tablet LCD PC Schermo (120 Pezzi)	15,99 €	1	/Confezionate-Singolarmente-Disinfettanti-antibatterici-Sfregamento/dp/B08KG3QNV2/ref=sr_1_188?dchild=1&keywords=computer&qid=1604664497&sr=8-188	4,4
Kit Connettore grigio 10 vie per body computer Panda completo	8,49 €	1	/Connettore-grigio-computer-completo-71745167/dp/B07D4G3H3C/ref=sr_1_189?dchild=1&keywords=computer&qid=1604664497&sr=8-189	4,7
Orkney - Zaino per computer portatile, unisex, impermeabile, antifurto, porta di ricarica USB, zaino da viaggio, lavoro, lavoro, ufficio	52,90 €	1	/Orkney-computer-portatile-impermeabile-antifurto/dp/B08KY2V8FW/ref=sr_1_190?dchild=1&keywords=computer&qid=1604664497&sr=8-190	-1
"Notebook Pc Portatile Lenovo Led da 15.6"" / Cpu Amd A4 2.30GHz / Ram 4Gb Ddr4 / Ssd 256gb / Grafica Radeon R3 / Hdmi / Masterizzatore / Wi fi / Bluetooth / Office Open surce / Windows 10 professional"	0 €	0	/Portatile-Lenovo-Masterizzatore-Bluetooth-professional/dp/B07RT2MM57/ref=sr_1_191?dchild=1&keywords=computer&qid=1604664497&sr=8-191	3,9
MOSOTECH Raccogli Cavi 2 Pezzi, 2x3m Guaina per Cavi Flessibile Nascondi Cavi Copricavi per TV/Computer/Audio Manicotti Protezione (2.6cm Ø et 2.2cmØ),Nero	14,36 €	1	/MOSOTECH-Flessibile-Copricavi-Manicotti-Protezione/dp/B086KVG72Z/ref=sr_1_192?dchild=1&keywords=computer&qid=1604664497&sr=8-192	4,1
"KKmoon Borsa Morbida della Cerniera Lampo Sacchetto della Chiusura Lampo per 14 Pollici 14"" Ultrabook Laptop Notebook Portatile"	10,59 €	1	/KKmoon-Cerniera-Sacchetto-Ultrabook-Portatile/dp/B00ZQJQXHO/ref=sr_1_193?dchild=1&keywords=computer&qid=1604664497&sr=8-193	4,0
"Acer Swift 1 SF114-32-P25J PC Portatile, Notebook, Processore Intel Pentium N5000, Ram 4 GB, 128 GB SSD, Display 14"" FHD IPS LED, 1.3 Kg, Batteria 16 ore, Windows 10 Home in S mode, Spessore 14.95mm"	449,00 €	1	/Acer-SF114-32-P25J-Portatile-Notebook-Processore/dp/B087D3GNCQ/ref=sr_1_194?dchild=1&keywords=computer&qid=1604664497&sr=8-194	4,4
AILIHEN C8 - Cuffie con microfono e controllo del volume, pieghevoli, leggere, per cellulari, tablet, smartphone, computer portatile, PC, MP3/4, colore: Oro rosa	19,98 €	1	/AILIHEN-microfono-controllo-pieghevoli-smartphone/dp/B08GKP5Q2B/ref=sr_1_195?dchild=1&keywords=computer&qid=1604664497&sr=8-195	4,2
"Apple MacBook Air Oro Computer Portatile 33,8 cm (13.3"") 2560 x 1600 Pixel Intel® Core i5 di Decima Generazione 8 GB LPDDR4x-SDRAM 512 GB SSD Wi-Fi 5 (802.11ac) macOS Catalina MacBook Air,"	0 €	0	/Apple-Computer-Portatile-Generazione-LPDDR4x-SDRAM/dp/B0863YJ7MW/ref=sr_1_196?dchild=1&keywords=computer&qid=1604664497&sr=8-196	4,6
Mini PC,Intel Celeron J4125,8GB RAM+120GB ROM,Windows 10 Pro(64-bit),Supporto 2.5'' SATA SSD/HDD,Dual WiFi 2.4/5G, Bluetooth 4.2,4K HD,2 HDMI+1 VGA +USB 3.0 Porta AK3 Mini Computer Desktop	239,90 €	1	/Celeron-Windows-Supporto-Bluetooth-Computer/dp/B089T4B234/ref=sr_1_197?dchild=1&keywords=computer&qid=1604664497&sr=8-197	3,8
"Hp 255g7 Nero Computer Portatile 39,6cm (15.6\"") 1366x768 Pixel 2,6ghz Amd a A6-9225"	0 €	0	/HP-Computer-portatile-Pixel-A6-9225/dp/B07MXXFSQJ/ref=sr_1_198?dchild=1&keywords=computer&qid=1604664497&sr=8-198	5,0
Diablo Guardian - Season 2	0 €	0	/gp/video/ssoredirect/?ru=https%3A%2F%2Fapp.primevideo.com%2Fdetail%3Fgti%3Damzn1.dv.gti.72b4ed0f-db65-45ae-cb32-2fc912e290b5%26ref_%3Ddvm_src_ret_it_xx_s&page-type-id=B07WG4DDT2&ref=sr_1_199&keywords=computer&qid=1604664497&sr=8-199	-1
1080p webcam pc con microfono windows 10 usb fisso trust Videocamera per computer di rete fotocamera del computer Videocamera live USB Desktop Web Cam	22,99 €	1	/microfono-windows-Videocamera-computer-fotocamera/dp/B088LLL3PM/ref=sr_1_196?dchild=1&keywords=computer&qid=1604664598&sr=8-196	4,2
DILC Airo W Pc Desktop Intel Quad Core 2.00 ghz Ram 8 gb Ssd 480 gb WiFi Masterizzatore Licenza Windows 10 PRO	239,90 €	1	/COMPUTER-FISSO%E2%96%ACLICENZA-PRO%E2%96%ACASSEMBLATO-QUAD-CORE-1TB%E2%96%ACWIFI%E2%96%ACMASTERIZZATORE%E2%96%ACDILC/dp/B07G4DZ7N6/ref=sr_1_197?dchild=1&keywords=computer&qid=1604664598&sr=8-197	4,0
Crucial Ballistix BL2K8G36C16U4B 3600 MHz, DDR4, DRAM, Memoria Gaming Kit per Computer Fissi, 16GB (8GB x2), CL16, Nero	76,22 €	1	/Crucial-Ballistix-BL2K8G36C16U4B-Memoria-Computer/dp/B083V93HJG/ref=sr_1_198?dchild=1&keywords=computer&qid=1604664598&sr=8-198	4,8
Season 03	0 €	0	/gp/video/ssoredirect/?ru=https%3A%2F%2Fapp.primevideo.com%2Fdetail%3Fgti%3Damzn1.dv.gti.26b1dbc1-e94d-9a56-1644-66a74e5842f8%26ref_%3Ddvm_src_ret_it_xx_s&page-type-id=B07WH4FTWS&ref=sr_1_199&keywords=computer&qid=1604664598&sr=8-199	-1
"HP OMEN 17-cb1085ng Computer Portatile Nero 43,9 cm (17.3"") 1920 x 1080 Pixel Intel® Core i7 di Decima Generazione 16 GB DDR4-SDRAM 1512 GB HDD+SSD NVIDIA GeForce RTX 2080 Super Wi-Fi 6 (802.11ax)"	3.029,61 €	0	/HP-17-cb1085ng-Portatile-Generazione-DDR4-SDRAM/dp/B0895G8FF1/ref=sr_1_200?dchild=1&keywords=computer&qid=1604664598&sr=8-200	4,6
"HuaNuo Supporto per Laptop con Cuscino, Tappetino per Mouse e Pad da Polso Integrati per Notebook Fino a 17"", con Supporto per Tablet, Penna e Telefono"	59,99 €	1	/HuaNuo-Supporto-Tappetino-Integrati-Notebook/dp/B07NMCQ7CN/ref=sr_1_201?dchild=1&keywords=computer&qid=1604664598&sr=8-201	4,6
PC Computer Desktop Fujitsu Esprimo E5731 SFF, Windows 10 Professional, Intel Core 2 Duo, Memoria Ram 4GB DDR3, HDD 250GB, DVD-ROM (Ricondizionato)	0 €	0	/Computer-Desktop-Fujitsu-Professional-Ricondizionato/dp/B08D7NWBQG/ref=sr_1_202?dchild=1&keywords=computer&qid=1604664598&sr=8-202	4,7
"Acer Swift 3 SF314-58-597S Pc Portatile, Notebook con Processore Intel Core i5-10210U, 8 GB DDR4, 512 GB PCIe NVMe SSD, Display 14"" FHD IPS LED LCD, Scheda Grafica Intel UHD, Windows 10 Home, Silver"	749,00 €	1	/Acer-SF314-58-597S-Portatile-Processore-i5-10210U/dp/B084XLQDBS/ref=sr_1_203?dchild=1&keywords=computer&qid=1604664598&sr=8-203	4,2
HP 255 G7 senza Sistema Operativo (FreeDOS)	0 €	0	/HP-Notebook-A4-9125-Schermo-FreeDos/dp/B07V5W1VN7/ref=sr_1_204?dchild=1&keywords=computer&qid=1604664598&sr=8-204	4,2
TITANWOLF - RGB Tappetino per Mouse da Gioco XXL - Mouse Pad Gaming - 800x300mm - Global basic11 LED Colori e Effetti di Luce - Precisione e velocità - Lavabile - per Computer PC e Laptop -	19,99 €	1	/TITANWOLF-Tappetino-800x300mm-Precisione-velocit%C3%A0/dp/B08JLY32FM/ref=sr_1_205?dchild=1&keywords=computer&qid=1604664598&sr=8-205	2,0
Zaino da viaggio per computer portatile, grande capacità, antifurto, con porta di ricarica USB e jack per cuffie, zaino impermeabile in pelle PU per uomini e donne, adatto per laptop da 15,6 pollici	15,99 €	1	/computer-portatile-capacit%C3%A0-antifurto-impermeabile/dp/B081N3P494/ref=sr_1_206?dchild=1&keywords=computer&qid=1604664598&sr=8-206	4,5
"Elekin Supporto per Computer Portatile,Supporto per Laptop Ventilato in Alluminio,Supporto PC Portatile 6 Livelli Angolazione Regolabile Pieghevole Supporto per PC/iPad/Notebook/Tablet,10-17"""	17,99 €	1	/Elekin-Portatile-Angolazione-Regolabile-Pieghevole/dp/B085ZDP8WQ/ref=sr_1_207?dchild=1&keywords=computer&qid=1604664598&sr=8-207	4,6
PC FISSO COMPUTER DESKTOP INTEL CORE i7 2600 - RAM 16 GB - SSD 120 HDD 1TB - SCHEDA VIDEO DEDICATA 4 GB LICENZA ORIGINALE MICROSOFT WINDOWS 10 PRO	558,75 €	0	/FISSO-COMPUTER-DESKTOP-INTEL-CORE/dp/B07CL84976/ref=sr_1_208?dchild=1&keywords=computer&qid=1604664598&sr=8-208	4,3
Fanless Mini PC, Intel Atom Z8350 Computer Stick Sistema operativo Windows 10, 2 GB DDR 32 GB eMMC, Supporto 4K HD, 3D, 2.4G / 5.0G Wifi, BT, 2 porte USB, per Office Education Entertainment ecc.	139,00 €	1	/Computer-operativo-Supporto-Education-Entertainment/dp/B08H81X1F9/ref=sr_1_209?dchild=1&keywords=computer&qid=1604664598&sr=8-209	-1
MODKON Webcam, 1080P HD PC Webcam con Microfono e Cover per Computer Desktop Laptop, Web Camera USB Plug And Play per Youtube Studio Online Chiamata, Videochiamate Conferenza.	22,99 €	1	/MODKON-Microfono-Computer-Videochiamate-Conferenza/dp/B08GQW1598/ref=sr_1_210?dchild=1&keywords=computer&qid=1604664598&sr=8-210	3,8
BONTEC Supporto per Monitor in Legno, Supporto per Monitor da Scrivania con Supporto per Smartphone e Gestione dei Cavi, Supporto Ergonomico per Laptop, Computer, Notebook, iMac, W420 x D235 x H104mm	16,79 €	1	/1home-Supporto-monitore-altoparlante-portatile/dp/B01M6CZ4AA/ref=sr_1_211?dchild=1&keywords=computer&qid=1604664598&sr=8-211	4,5
"Acer Nitro 5 AN515-44-R6WC Notebook Gaming con Processore AMD Ryzen 7 4800H, Ram 8 GB DDR4, 512 GB PCIe NVMe SSD, Display 15.6"" FHD IPS LED LCD, NVIDIA GeForce GTX 1650 4 GB, Windows 10 Home"	1.099,00 €	1	/Acer-AN515-44-R6WC-Notebook-Processore-Display/dp/B087D42TS5/ref=sr_1_216?dchild=1&keywords=computer&qid=1604664598&sr=8-216	4,5
"LENOVO Essential V145 Notebook 15,6"" HD (1366x768) Ram 4GB, SSD 256GB, CPU AMD A4, Radeon R3, WIFI Bluetooth Webcam Win 10 Integrato (256GB SSD)"	0 €	0	/Essential-Notebook-1366x768-Bluetooth-Integrato/dp/B07RG7H8T5/ref=sr_1_217?dchild=1&keywords=computer&qid=1604664598&sr=8-217	4,1
"Notebook Pc Portatile Lenovo Led da 15.6"" / Cpu Amd A4 2.30GHz / Ram 4Gb Ddr4 / Ssd 256gb / Grafica Radeon R3 / Hdmi / Masterizzatore / Wi fi / Bluetooth / Office Open surce / Windows 10 professional"	0 €	0	/Portatile-Lenovo-Masterizzatore-Bluetooth-professional/dp/B07RT2MM57/ref=sr_1_218?dchild=1&keywords=computer&qid=1604664598&sr=8-218	3,9
Lemnoi Webcam Full HD 1080P con Microfono, Webcam Web USB 2.0/3.0 per PC, Webcam per Computer Plug And Play per videochiamate, Laptop, Facebook, Streaming Live, Youtube, Giochi e conferenze	15,99 €	1	/Lemnoi-Microfono-videochiamate-Streaming-conferenze/dp/B087CSZTNM/ref=sr_1_219?dchild=1&keywords=computer&qid=1604664598&sr=8-219	3,7
TECMIYO 8GB DDR3L 1600MHz PC3-12800 Unbuffered Non-ECC 1.35V CL11 1Rx8 Single Rank 204 Pin SODIMM Computer Portatile Memorie Module Upgrade	38,85 €	1	/TECMIYO-PC3-12800-Unbuffered-Computer-Portatile/dp/B08C5F3587/ref=sr_1_220?dchild=1&keywords=computer&qid=1604664598&sr=8-220	4,7
LINK LKIT18 Cavo Alimentazione Spina Italiana Tripolare 10 A. per Computer, Stampanti ECC, 1.8 mt	3,15 €	1	/LINK-LKIT18-Alimentazione-Tripolare-Stampanti/dp/B06XC7DLQ7/ref=sr_1_221?dchild=1&keywords=computer&qid=1604664598&sr=8-221	4,7
"MSI GP75 Leopard 10SEK-050IT, Notebook Gaming 17,3"" FHD IPS-Level 144Hz, Intel Core I7-10750H, 16GB RAM DDR4, 1TB SSD M.2 PCIE, Nvidia RTX 2060, 6GB GDDR6 [Layout Italiano]"	1.849,00 €	0	/MSI-10SEK-050IT-Notebook-IPS-Level-I7-10750H/dp/B086QFJ31Z/ref=sr_1_222?dchild=1&keywords=computer&qid=1604664598&sr=8-222	4,5
Diablo Guardian - Season 2	0 €	0	/gp/video/ssoredirect/?ru=https%3A%2F%2Fapp.primevideo.com%2Fdetail%3Fgti%3Damzn1.dv.gti.72b4ed0f-db65-45ae-cb32-2fc912e290b5%26ref_%3Ddvm_src_ret_it_xx_s&page-type-id=B07WG4DDT2&ref=sr_1_223&keywords=computer&qid=1604664598&sr=8-223	-1
"msi Gaming GS66 10SFS-056 Stealth Nero Computer Portatile 39,6 cm (15.6"") 1920 x 1080 Pixel Intel® Core i9 di Decima Generazione 16 GB DDR4-SDRAM 1000 GB SSD NVIDIA GeForce RTX 2070 Super Wi-Fi 6"	3.142,07 €	1	/10SFS-056-Computer-Portatile-Generazione-DDR4-SDRAM/dp/B086N7LPMS/ref=sr_1_224?dchild=1&keywords=computer&qid=1604664598&sr=8-224	3,6
Kirmax Laptop 14 Pollici 4G 64GB SSD Portable Ultra-Thin Laptop HD Quad Core Notebook 1.6 GHz Spina UE	215,25 €	0	/Kirmax-Pollici-Portable-Ultra-Thin-Notebook/dp/B08CDNXZXQ/ref=sr_1_225?dchild=1&keywords=computer&qid=1604664598&sr=8-225	-1
Webcam, Webcam per PC fisso, Telecamera per PC con Microfono Full HD HD 1080P, Web cam per Computer in Streaming con Supporto Denoising 3D e Guadagno Automatico	25,99 €	1	/Telecamera-Microfono-Streaming-Denoising-Automatico/dp/B0892RZXTR/ref=sr_1_226?dchild=1&keywords=computer&qid=1604664598&sr=8-226	4,4
Trust Mila Set Altoparlanti 2.0, nero [vecchio modello]	9,90 €	1	/Trust-Mila-Set-Altoparlanti-nero/dp/B002TIJ1HY/ref=sr_1_227?dchild=1&keywords=computer&qid=1604664598&sr=8-227	4,2
"Dell Latitude 5400 Nero Computer Portatile 35,6 cm (14"") 1920 x 1080 Pixel Intel® Core i5 di ottava Generazione i5-8365U 8 GB DDR4-SDRAM 512 GB SSD - DELL Latitude 5400, Intel® Core i5 di"	1.507,71 €	0	/DELL-Latitude-XCC8G-i5-8365U-512GB/dp/B07STFFGDV/ref=sr_1_228?dchild=1&keywords=computer&qid=1604664598&sr=8-228	-1
"HuaNuo Supporto per Laptop con Cuscino su Letto & Divano, Supporto per Monitor, Scrivania per Ginocchio con Foro per Cavi e Striscia Antiscivolo, Adatto per Laptop Fino a 15,6"""	34,99 €	1	/Supporto-Scrivania-Ginocchio-Striscia-Antiscivolo/dp/B07L85LFDK/ref=sr_1_229?dchild=1&keywords=computer&qid=1604664598&sr=8-229	4,5
"HP OMEN 17-cb1087ng Computer Portatile Nero 43,9 cm (17.3"") 1920 x 1080 Pixel Intel® Core i7 di Decima Generazione 32 GB DDR4-SDRAM 1512 GB HDD+SSD NVIDIA GeForce RTX 2080 Super Wi-Fi 6 (802.11ax)"	2.789,80 €	0	/HP-17-cb1087ng-Portatile-Generazione-DDR4-SDRAM/dp/B08936832P/ref=sr_1_230?dchild=1&keywords=computer&qid=1604664598&sr=8-230	3,5
GAMRY Cuffie per Computer, Cuffie USB con Microfono, Call Center cablato con Controllo del Volume Mute per Computer, Computer Portatili, Skype, PC (A)	19,99 €	1	/GAMRY-Computer-Microfono-Controllo-Portatili/dp/B08HTXLGYH/ref=sr_1_231?dchild=1&keywords=computer&qid=1604664598&sr=8-231	4,7
Lettore Masterizzatore Blu Ray Dvd, USB 3.0 Esterno Blu-Ray Portatile 3D CD Dvd RW Lettore Disco per Laptop/Desktop/MacBook, Win 7/8/10, Linux, PC	87,99 €	1	/Lettore-Masterizzatore-Esterno-Blu-Ray-Portatile/dp/B08HWZ21ND/ref=sr_1_232?dchild=1&keywords=computer&qid=1604664598&sr=8-232	5,0
Vaydeer - Supporto per monitor USB 3.0, in alluminio, supporta il trasferimento dati e la ricarica, supporto per monitor in metallo, fino a 32 pollici, per PC, laptop, colore: Nero	59,99 €	1	/Aluminum-Monitor-Riser-Supporto-monitor/dp/B07XMC7RKB/ref=sr_1_233?dchild=1&keywords=computer&qid=1604664598&sr=8-233	4,4
"KROSER Borsa del Portatile Cartella Leggera Espandibile Aggiornata da 18"" per Laptop 17.3"" Borsa da Lavoro Premium Borsa Messenger Idrorepellente con Tasche RFID per Scuola/Viaggio/Donna/Uomo-Nero"	32,99 €	1	/KROSER-Portatile-Espandibile-Aggiornata-Idrorepellente/dp/B0885Z3MB3/ref=sr_1_234?dchild=1&keywords=computer&qid=1604664598&sr=8-234	4,6
"HuaNuo Supporto per Laptop con Cuscino, Tappetino per Mouse e Pad da Polso Integrati per Notebook Fino a 15.6"", con Supporto per Tablet, Penna e Telefono"	59,99 €	1	/HuaNuo-Supporto-Tappetino-Integrati-Notebook/dp/B07ZNGG2QK/ref=sr_1_235?dchild=1&keywords=computer&qid=1604664598&sr=8-235	4,6
AtailorBird Tappetino Mouse, 220mm Mouse Pad in Pelle Impermeabile Mousepad PU Antiscivolo Tappetini Mouse Tondo con Superficie Liscio per Gaming, Ufficio, Laptop, Double-Sided, Rosa-Porpora	7,39 €	1	/AtailorBird-Impermeabile-Antiscivolo-Double-Sided-Rosa-Porpora/dp/B086WSDW83/ref=sr_1_236?dchild=1&keywords=computer&qid=1604664598&sr=8-236	4,4
MSI GE66 Raider 10SFS-085IT Notebook Gaming, FHD 240Hz, Intel Core I7-10750H, 16GB RAM DDR4 2666MHz, 2TB SSD M.2 PCIe, Nvidia RTX 2070 Super 8GB GDDR6 [Layout Italiano]	2.399,00 €	1	/MSI-10SFS-085IT-Notebook-I7-10750H-Italiano/dp/B0899GB5XD/ref=sr_1_237?dchild=1&keywords=computer&qid=1604664598&sr=8-237	4,8
MSI MPG Trident 3 10SA-050EU Computer Desktop Gaming, Intel Core i5-10400F, NVIDIA GeForce GTX 1650 SUPER AERO ITX OC 4 GB, RAM 8GB, SSD 512 GB, RGB Mystic Light, Windows 10 Home	1.008,89 €	1	/MSI-MPG-Trident-10SA-050EU-i5-10400F/dp/B08HQG66JD/ref=sr_1_238?dchild=1&keywords=computer&qid=1604664598&sr=8-238	-1
FFTH Hard Disk 2 TB Esterno, Hard Disk Esterno USB3.1 per PC, Mac, Xbox, Desktop, Laptop, MacBook. (2TB,Rosso)	63,99 €	1	/FFTH-Esterno-USB3-1-Desktop-MacBook/dp/B08L54F3N4/ref=sr_1_239?dchild=1&keywords=computer&qid=1604664598&sr=8-239	5,0
HuaNuo Supporto con Braccio per Monitor con Vassoio per Laptop, Regolabile Completamente per Schermi LED LCD da 13 a 27 Pollici e Notebook Fino a 15,6 Pollici, 2 Opzioni di Montaggio	54,99 €	1	/HuaNuo-Supporto-Regolabile-Completamente-Montaggio/dp/B07DWM9WNM/ref=sr_1_240?dchild=1&keywords=computer&qid=1604664598&sr=8-240	4,6
PC RICONDIZIONATO HP ELITE 8300 SFF INTEL CORE i7 3770 3,40Ghz/8GB/SSD 120GB/DVD/WIN 10 PRO (Ricondizionato) )	235,00 €	1	/RICONDIZIONATO-HP-ELITE-INTEL-Ricondizionato/dp/B07JNBKHSS/ref=sr_1_241?dchild=1&keywords=computer&qid=1604664598&sr=8-241	4,5
PC Computer Desktop HP Elite 8300, Windows 10 Professional, Intel Core i7-3770, Memoria Ram 8GB DDR3, SSD 120GB, DVD-ROM, USB 3.0 (Ricondizionato)	208,00 €	0	/Computer-Desktop-HP-Professional-Ricondizionato/dp/B0897YD1WM/ref=sr_1_242?dchild=1&keywords=computer&qid=1604664598&sr=8-242	5,0
"HP 340S G7 Argento Computer Portatile 35,6 cm (14"") 1366 x 768 Pixel Intel® Core™ i5 di Decima Generazione 8 GB DDR4-SDRAM 51"	719,90 €	0	/HP-Computer-Portatile-Generazione-DDR4-SDRAM/dp/B0888D1DFP/ref=sr_1_243?dchild=1&keywords=computer&qid=1604664598&sr=8-243	-1
CHUWI AeroBook Plus Portatile Ultrabook 15.6 Pollici Laptop WIN10 Home Intel Iris Graphics 550 (i5) 8GB RAM 256GB SSD 3840 * 2160 Type c M.2 HD video port WiFi, BT4.2, Grigio	0 €	0	/CHUWI-AeroBook-Plus-Portatile-Ultrabook/dp/B08BF6ZGVX/ref=sr_1_244?dchild=1&keywords=computer&qid=1604664598&sr=8-244	4,7
Tokmali Supporto PC Portatile, Supporto Laptop Angolazione Regolabile Pieghevole Ventilato Supporto Computer Portatile Compatibile per Notebook/PC/MacBook/MacBook PRO/Tablet/dell/Laptop 10-17 Pollici	29,99 €	1	/Tokmali-Angolazione-Regolabile-Pieghevole-Compatibile/dp/B088C45T35/ref=sr_1_245?dchild=1&keywords=computer&qid=1604664598&sr=8-245	4,3
Timetec Hynix IC 8GB DDR3 1333MHz PC3-10600 Unbuffered Non-ECC 1.5V CL9 2Rx8 Dual Rank 204 Pin SODIMM Computer portatile Memorie Module Upgrade (8GB)	30,99 €	1	/Timetec-PC3-10600-Unbuffered-Computer-portatile/dp/B014E29FE6/ref=sr_1_246?dchild=1&keywords=computer&qid=1604664598&sr=8-246	4,6
GoZheec Supporto PC Portatile Supporto per Laptop Angolazione Regolabile Porta Notebook Pieghevole Supporto per MacBook Air/PRO, dell, XPS, HP, Lenovo And Other 10”–17” Laptops (Nero)	23,99 €	1	/GoZheec-Portatile-Angolazione-Regolabile-Pieghevole/dp/B084F9ZD37/ref=sr_1_247?dchild=1&keywords=computer&qid=1604664598&sr=8-247	4,5
iVoler [6 Pack] Webcam Cover, Copri Webcam Slider Copertura Webcam Ultra Sottile Camera Cover per Macboook PRO, iPad, iPhone, Computer Portatile, Laptop, PC, Tablet, Smartphones - (Nero)	5,99 €	1	/iVoler-Copertura-Macboook-Portatile-Smartphones/dp/B07KS9Z4RF/ref=sr_1_244?dchild=1&keywords=computer&qid=1604664702&sr=8-244	4,4
MOSISO Custodie Rigide Compatibile Solo con Huawei MateBook D 14 Pollici, Custodia Protettiva in Plastica Rigida, Nero	22,49 €	1	/MOSISO-Custodie-Compatibile-MateBook-Protettiva/dp/B08DXQTL3H/ref=sr_1_245?dchild=1&keywords=computer&qid=1604664702&sr=8-245	4,1
Cavo da DisplayPort a HDMI placcato oro, da Wimaha DP a HDMI per NVIDIA, AMD, Laptop (HP/Lenovo/Dell), Monitor, HDTV e altro ancora.	8,99 €	1	/DisplayPort-placcato-Wimaha-Monitor-ancora/dp/B08FWYPPJ9/ref=sr_1_246?dchild=1&keywords=computer&qid=1604664702&sr=8-246	4,0
ELEGIANT Casse PC, 10W Altoparlante USB LED Speaker Portatile per Computer Notebook Laptop MP3 iPhone11 XS Max XR x 8 7s iPad Samsung S10 S8+ Huawei P30 P20 10 HTC Scuola Casa Festa Ufficio Viaggi ECC	25,99 €	1	/ELEGIANT-Altoparlante-Portatile-Computer-Notebook/dp/B07Z69LWK9/ref=sr_1_247?dchild=1&keywords=computer&qid=1604664702&sr=8-247	4,6
LONGING Supporto PC Portatile Alluminio per ASUS/Lenovo/Acer/dell XPS/HP/MacBook Air PRO/Samsung Chromebook/Supporti Tablet Notebook pc Computer Stand -Argento	13,99 €	1	/LONGING-Supporto-Portatile-Alluminio-Chromebook/dp/B08H5PX9YD/ref=sr_1_248?dchild=1&keywords=computer&qid=1604664702&sr=8-248	4,4
Electric dreams	0 €	0	/gp/video/ssoredirect/?ru=https%3A%2F%2Fapp.primevideo.com%2Fdetail%3Fgti%3Damzn1.dv.gti.9ab9858f-1eee-65f4-b115-772cd4782ea2%26ref_%3Ddvm_src_ret_it_xx_s&page-type-id=B08C75NF62&ref=sr_1_249&keywords=computer&qid=1604664702&sr=8-249	4,0
Replitel Webcam with Microphone, 1080P HD Streaming USB Computer Webcam for PC Video Conferencing/Calling/Gaming, Laptop/Desktop Mac, Skype/Youtube/Zoom/Facetime-Plug And Play (Black)	18,99 €	0	/Replitel-Microphone-Streaming-Conferencing-Facetime-Plug/dp/B08L5W7MHJ/ref=sr_1_250?dchild=1&keywords=computer&qid=1604664702&sr=8-250	4,7
"Apple MacBook PRO Argento Computer Portatile 33,8 cm (13.3"") 2560 x 1600 Pixel Intel® Core i5 di ottava Generazione 8 GB LPDDR3-SDRAM 512 GB SSD Wi-Fi 5 (802.11ac) macOS Catalina MacBook"	0 €	0	/Apple-Computer-Portatile-Generazione-LPDDR3-SDRAM/dp/B08838C5VF/ref=sr_1_251?dchild=1&keywords=computer&qid=1604664702&sr=8-251	4,1
Zaino da viaggio per computer portatile, grande capacità, antifurto, con porta di ricarica USB e jack per cuffie, zaino impermeabile in pelle PU per uomini e donne, adatto per laptop da 15,6 pollici	15,99 €	1	/computer-portatile-capacit%C3%A0-antifurto-impermeabile/dp/B081N3P494/ref=sr_1_252?dchild=1&keywords=computer&qid=1604664702&sr=8-252	4,5
2K Webcam per PC con microfono, fotocamera USB per computer desktop e laptop con copertura per la privacy e treppiede,riduzione del rumore, grandangolo a 110 gradi, plug and play	29,90 €	1	/microfono-fotocamera-copertura-treppiede-grandangolo/dp/B08HLP364B/ref=sr_1_253?dchild=1&keywords=computer&qid=1604664702&sr=8-253	3,8
HP Pavilion Gaming TG01-1001ns – Computer desktop (Intel Core i5-10400F, 8 GB RAM, 256 GB SSD e 1 TB HDD, GeForceGTX 1650, senza sistema operativo), nero ombreggiato	732,43 €	1	/HP-Pavilion-Gaming-TG01-1001ns-ombreggiato/dp/B08JQFFB39/ref=sr_1_254?dchild=1&keywords=computer&qid=1604664702&sr=8-254	-1
ELEGIANT USB Altoparlante, Cassa PC Stereo Portatile per Computer Notebook TV Laptop MP3 iPhone11 PRO XS Max XR x 8s iPad Samsung S10 S8+ Huawei P30 P20 10 HTC LG Scuola Casa Festa Uffico Viaggio ECC	29,99 €	1	/ELEGIANT-Altoparlante-Portatile-Computer-Conferenze/dp/B07GV5GM5R/ref=sr_1_255?dchild=1&keywords=computer&qid=1604664702&sr=8-255	4,0
PC COMPUTER DESKTOP FISSO NUOVO CON WINDOWS 10 PRO INTEL QUAD CORE i5-3470 3.20GHz RAM 16GB SSD 240GB DVD-RW WI-FI WIRELESS USB 3.0 IDEALE PER UFFICIO INTERNET CASA LAVORO AZIENDE GESTIONALE SCUOLA	279,90 €	0	/COMPUTER-DESKTOP-WIRELESS-INTERNET-GESTIONALE/dp/B07M7PGQ1M/ref=sr_1_256?dchild=1&keywords=computer&qid=1604664702&sr=8-256	4,3
Webcam, Webcam per PC fisso, Telecamera per PC con Microfono Full HD HD 1080P, Web cam per Computer in Streaming con Supporto Denoising 3D e Guadagno Automatico	25,99 €	1	/Telecamera-Microfono-Streaming-Denoising-Automatico/dp/B0892RZXTR/ref=sr_1_257?dchild=1&keywords=computer&qid=1604664702&sr=8-257	4,4
"Elekin Supporto per Computer Portatile,Supporto per Laptop Ventilato in Alluminio,Supporto PC Portatile 6 Livelli Angolazione Regolabile Pieghevole Supporto per PC/iPad/Notebook/Tablet,10-17"""	17,99 €	1	/Elekin-Portatile-Angolazione-Regolabile-Pieghevole/dp/B085ZDP8WQ/ref=sr_1_258?dchild=1&keywords=computer&qid=1604664702&sr=8-258	4,6
HP Elite 8300 Sff Quad Core 3.2Ghz I5-3470 8Gb 1000GB Dvd Wifi di Windows 10 Pc Computer Desktop Professional (rinnovato) (Visualizza)	126,95 €	0	/HP-Computer-Professional-rinnovato-Visualizza/dp/B07116YQB4/ref=sr_1_259?dchild=1&keywords=computer&qid=1604664702&sr=8-259	4,2
Logitech M185 Mouse Wireless, 2.4 GHz con Mini Ricevitore USB, Durata Batteria Fino a 12 Mesi, Rilevamento Ottico 1000 DPI, Ambidestro, PC/Mac/Laptop, Grigio	9,99 €	1	/Logitech-M185-Wireless-Mouse-Grigio/dp/B00552K0GM/ref=sr_1_264?dchild=1&keywords=computer&qid=1604664702&sr=8-264	4,6
"AtailorBird 14"" Custodia Borsa Notebook con Maniglia,Custodie Morbide per PC Portatili Multifunzionale Protettiva Impermeabile per Notebook Chromebook Surface Sleeve Laptop-Nero"	16,39 €	1	/AtailorBird-Multifunzionale-Protettiva-Impermeabile-Laptop-Nero/dp/B08HZ1D4T3/ref=sr_1_265?dchild=1&keywords=computer&qid=1604664702&sr=8-265	4,6
Webcam 1080p con microfono Rotazione a 360 gradi USB Webcam Plug & Play per fotocamera del computer con angolo di visione 110 gradi per desktop, laptop, videochiamate e conferenze	26,99 €	1	/microfono-Rotazione-fotocamera-videochiamate-conferenze/dp/B0894M8NGQ/ref=sr_1_266?dchild=1&keywords=computer&qid=1604664702&sr=8-266	4,5
AtailorBird 14 Pollici Custodia Borsa Professionale per Computer Portatile Laptop Sleeve Case Resistente all'Acqua Busta di Protezione per Notebook- Vino Rosso	16,59 €	1	/AtailorBird-Professionale-Portatile-Resistente-Protezione/dp/B089SQHGJ1/ref=sr_1_267?dchild=1&keywords=computer&qid=1604664702&sr=8-267	4,6
Zaino da viaggio per computer portatile, zaino da 45 l, zaino resistente, adatto per computer da 17,3 pollici, zaini da lavoro per donne e uomini	23,99 €	1	/viaggio-computer-portatile-resistente-pollici/dp/B089QPQJDH/ref=sr_1_268?dchild=1&keywords=computer&qid=1604664702&sr=8-268	4,6
"ZINZ 15 15,6 16 Pollici Custodia Borsa Impermeabile, Computer Borsetta Ventiquattrore Compatibile MacBook PRO 15 16, Surface Book 15, e la Maggior Parte dei Laptop da 15-16"", Nero"	16,99 €	1	/Zinz-Protettiva-Ventiquattrore-Notebook-Ultrabooks/dp/B07LF7QQ9R/ref=sr_1_269?dchild=1&keywords=computer&qid=1604664702&sr=8-269	4,6
"HP - PC 22-df0045nl All-In-One, AMD Athlon 3050U, RAM 8 GB, SSD 256 GB, Grafica AMD Radeon, Windows 10 Home, Schermo 21.5"" FHD IPS, Casse Audio Integrate, USB, HDMI, Lettore Micro SD, Webcam, Bianco"	0 €	0	/HP-22-df0045nl-All-One-Integrate/dp/B089QBTX92/ref=sr_1_270?dchild=1&keywords=computer&qid=1604664702&sr=8-270	4,2
FAGORY Masterizzatore Dvd CD Esterno unità Dvd Esterna USB 3.0 Tipo C CD Dvd Esterno Lettore CD/Dvd +/-RW Portatile Slim a Basso Rumore per Laptop Desktop PC, Windows 7/8/10/CP Linux/Max OS	20,99 €	1	/FAGORY-Masterizzatore-Esterno-Esterna-Portatile/dp/B07Z3NCNNQ/ref=sr_1_271?dchild=1&keywords=computer&qid=1604664702&sr=8-271	4,0
HP - PC Wired Mouse 1000 Cablato, Sensore Preciso, 1200 DPI, 3 Pulsanti, Rotella Scorrimento, Cavo USB 1.5 m, Design Pratico e Versatile, Ambidestro, Nero	8,83 €	1	/HP-1000-mouse-1200-Ambidestro/dp/B07H6YMQ52/ref=sr_1_272?dchild=1&keywords=computer&qid=1604664702&sr=8-272	4,6
CHUWI HeroBook Pro Laptop, 14,1 pollici 1920 * 1080 IPS Display, Ultrabook Intel Geminil lago N4000, Windows 10 OS, 8G RAM 256G SSD, 4K Video Decodifica, 2,4 Ghz WiFi, USB3.0 e supporta 1T M.2 SSD	317,50 €	0	/CHUWI-HeroBook-Pro-Ultrabook-Decodifica/dp/B083DQPPT3/ref=sr_1_273?dchild=1&keywords=computer&qid=1604664702&sr=8-273	3,9
Samsung Books I5-L16G7 13.3 Touch 8GB/256 W10Pro	0 €	0	/Samsung-Books-I5-L16G7-Touch-W10Pro/dp/B08D3WQCMG/ref=sr_1_274?dchild=1&keywords=computer&qid=1604664702&sr=8-274	-1
Robot Overlords	0 €	0	/gp/video/ssoredirect/?ru=https%3A%2F%2Fapp.primevideo.com%2Fdetail%3Fgti%3Damzn1.dv.gti.beb64623-5aa2-6d2d-2777-d1e4ded6a33b%26ref_%3Ddvm_src_ret_it_xx_s&page-type-id=B07WQYRR7D&ref=sr_1_275&keywords=computer&qid=1604664702&sr=8-275	3,8
"msi Gaming GE75 10SFS-067 Raider Alluminio, Nero Computer Portatile 43,9 cm (17.3"") 1920 x 1080 Pixel Intel® Core i9 di Decima Generazione 16 GB DDR4-SDRAM 1512 GB HDD+SSD NVIDIA GeForce RTX 2070"	3.590,05 €	0	/10SFS-067-Alluminio-Portatile-Generazione-DDR4-SDRAM/dp/B086XGX92D/ref=sr_1_276?dchild=1&keywords=computer&qid=1604664702&sr=8-276	4,3
Lenovo - Computer portatile IdeaPad Slim HD grigio grigio 11''	240,42 €	0	/Lenovo-Computer-portatile-IdeaPad-grigio/dp/B08425P66D/ref=sr_1_277?dchild=1&keywords=computer&qid=1604664702&sr=8-277	4,1
Chiavetta USB 64GB 2 Pezzi Pendrive USB 2.0 Chiavette USB in Metallo Pennetta USB Portatile Flash Drive Memoria Stick Unità Flash per PC/Laptop/Smart TV/Autoradio/Regalo (Multicolor)	14,49 €	1	/Chiavetta-Chiavette-Portatile-Autoradio-Multicolor/dp/B08JPR3P24/ref=sr_1_278?dchild=1&keywords=computer&qid=1604664702&sr=8-278	-1
"Hp 250 g7 Notebook Pc portatile intel core i3-1005G1, Ram 8Gb Ddr4,Ssd M.2 500 Gb ,Display 15.6""Hd antiriflesso,Windows 10 Professional"	0 €	0	/Notebook-Display-antiriflesso-portatile-Professional/dp/B07NHN9SH9/ref=sr_1_279?dchild=1&keywords=computer&qid=1604664702&sr=8-279	4,3
"HP OMEN 17-cb1085ng Computer Portatile Nero 43,9 cm (17.3"") 1920 x 1080 Pixel Intel® Core i7 di Decima Generazione 16 GB DDR4-SDRAM 1512 GB HDD+SSD NVIDIA GeForce RTX 2080 Super Wi-Fi 6 (802.11ax)"	3.029,61 €	0	/HP-17-cb1085ng-Portatile-Generazione-DDR4-SDRAM/dp/B0895G8FF1/ref=sr_1_280?dchild=1&keywords=computer&qid=1604664702&sr=8-280	4,6
Weelth Tappetino per Mouse, 220mm Mouse Pad Impermeabile in Pelle Doppio Lato, per PC, Laptop e Notebook (Rosa/Argento)	7,99 €	1	/Weelth-Tappetino-Impermeabile-Notebook-Argento/dp/B08GKG9Y6B/ref=sr_1_281?dchild=1&keywords=computer&qid=1604664702&sr=8-281	5,0
"Lenovo IdeaPad 5 Notebook, Display 14"" Full HD AntiGlare, Processore AMD Ryzen 5 4500U, 512 GB SSD, RAM 8 GB, Fingerprint, Windows 10, Light Teal"	0 €	0	/Lenovo-Notebook-AntiGlare-Processore-Fingerprint/dp/B089NVGRGC/ref=sr_1_282?dchild=1&keywords=computer&qid=1604664702&sr=8-282	4,6
"HONOR MagicBook 14 Notebook, 14"" FullHD(AMD Ryzen 5-3500U, 8GB RAM, 256GB PCIe SSD, 1920*1080, Windows 10, Multischermo Collaborazione, USB 3.0), Spazio Grigio (Tastiera QWERTY Inglese)"	605,99 €	1	/HONOR-MagicBook-Notebook-Multischermo-Collaborazione/dp/B08GLJ6667/ref=sr_1_283?dchild=1&keywords=computer&qid=1604664702&sr=8-283	3,7
AtailorBird Tappetino Mouse, 220mm Mouse Pad in Pelle Impermeabile Mousepad PU Antiscivolo Tappetini Mouse Tondo con Superficie Liscio per Gaming, Ufficio, Laptop, Double-Sided, Rosa-Porpora	7,39 €	1	/AtailorBird-Impermeabile-Antiscivolo-Double-Sided-Rosa-Porpora/dp/B086WSDW83/ref=sr_1_284?dchild=1&keywords=computer&qid=1604664702&sr=8-284	4,4
5 Pezzi Chiavetta USB 64 GB Mini Pen Drive 64 Giga Metallo Unità Flash Drive Penna USB Key Portatile Pennetta USB 64GB per PC, Laptop, Auto ecc (5 Multicolore)	28,99 €	1	/Chiavetta-Metallo-Portatile-Pennetta-Multicolore/dp/B089LTT2P3/ref=sr_1_285?dchild=1&keywords=computer&qid=1604664702&sr=8-285	4,2
TECKNET PRO S2 Mouse USB con Cavo, 6 Pulsanti, DPI Regolabile Alto, Disegno Ergonomico, per PC Laptop Notebook Computer	13,59 €	1	/TeckNet-Pulsanti-Ergonomico-Notebook-Computer/dp/B01BC3TYDM/ref=sr_1_286?dchild=1&keywords=computer&qid=1604664702&sr=8-286	4,6
Portatile HP Stream 14-ds0008nf Blu A4-9120e dual 4GB DDR4 64GB eMMC AMD Graphics - UMA 14'' HD slim SVA W10H-MS 1V2L8EA#ABF	309,60 €	1	/Portatile-HP-14-ds0008nf-A4-9120e-Graphics/dp/B08D9WSJZN/ref=sr_1_287?dchild=1&keywords=computer&qid=1604664702&sr=8-287	2,6
"LENOVO Essential V145 Notebook 15,6"" HD (1366x768) Ram 8GB, SSD 256GB, CPU AMD A4, Radeon R3, WIFI Bluetooth Webcam Win 10 Integrato (256GB SSD)"	0 €	0	/Essential-Notebook-1366x768-Bluetooth-Integrato/dp/B01IOA2IKC/ref=sr_1_288?dchild=1&keywords=computer&qid=1604664702&sr=8-288	3,8
Community - Season 5	0 €	0	/gp/video/ssoredirect/?ru=https%3A%2F%2Fapp.primevideo.com%2Fdetail%3Fgti%3Damzn1.dv.gti.f0ac22f7-adfa-03f4-10c2-374f47fdaa05%26ref_%3Ddvm_src_ret_it_xx_s&page-type-id=B07WK9B8P2&ref=sr_1_289&keywords=computer&qid=1604664702&sr=8-289	4,7
"Notebook Lenovo Thinkpad T460S Slim Core i5 RAM 8Gb SSD 240Gb 14.1"" Touch screen Windows 10 Professional (Ricondizionato)"	566,00 €	1	/Lenovo-ThinkPad-T460s-Ultrabook-certificato/dp/B08372FFGL/ref=sr_1_290?dchild=1&keywords=computer&qid=1604664702&sr=8-290	3,0
Bikien Supporto PC Portatile,Supporto per Laptop da Tavolo Pieghevole Regolabile con Raffreddamento,Supporto per Laptop Portatile In Alluminio Leggero per Macbook Air/Pro(Fino A 15,6 Pollici) Argento	16,99 €	1	/Bikien-Portatile-Pieghevole-Regolabile-Raffreddamento/dp/B08KY52S5V/ref=sr_1_291?dchild=1&keywords=computer&qid=1604664702&sr=8-291	5,0
Nuovo Apple Mac mini (Processore Intel Core i5 6-core di ottava generazione a 3,0GHz, 8GB RAM, 512GB)	1.299,00 €	0	/Apple-Processore-Intel-Core-i5-ottava-generazione/dp/B0863TQP5S/ref=sr_1_292?dchild=1&keywords=computer&qid=1604664702&sr=8-292	4,8
Aigoss Webcam 1080p Full HD con Microfono, USB 2.0 PC Laptop Desktop Computer con Clip Regolabile Supporto per Videochiamate, Studi, Registrazione e Giochi	35,99 €	1	/Aigoss-Microfono-Regolabile-Videochiamate-Registrazione/dp/B08F21LB92/ref=sr_1_293?dchild=1&keywords=computer&qid=1604664702&sr=8-293	4,8
Mbuynow Supporto per PC con Ventole, Supporto per Laptop Regolabile Tavolino PC Pieghevole Notebook Computer Portatile da Letto, Divano, Scrivania	30,99 €	1	/Mbuynow-Regolabile-Pieghevole-Portatile-Scrivania/dp/B07RK6FM86/ref=sr_1_294?dchild=1&keywords=computer&qid=1604664702&sr=8-294	4,0
KLIM Cyclone - Base di Raffreddamento PC Portatile + Laptop Stand con 5 ventole + Il Miglior Supporto Raffreddatore + Cooling Pad Gaming PS4 Xbox One + Bianca + Nuova Versione 2020	36,97 €	1	/KLIM-Cyclone-Raffreddamento-Portatile-Raffreddatore/dp/B08BKJRXY2/ref=sr_1_295?dchild=1&keywords=computer&qid=1604664702&sr=8-295	4,4
Beelink U57 Mini PC Windows 10 Pro 4K, 8 GB DDR3L 256 GB SSD Intel Core i5-5257U Mini Computer Desktop con Doppia HDMI, Gigabit Ethernet, Dual Band Wi-Fi, Supporto Espandi RAM e SSD, Tipo C, Ventola	379,90 €	1	/Beelink-U57-i5-5257U-Computer-Ethernet/dp/B08771CS5F/ref=sr_1_290?dchild=1&keywords=computer&qid=1604664803&sr=8-290	4,3
Nuovo Apple Mac mini (Processore Intel Core i5 6-core di ottava generazione a 3,0GHz, 8GB RAM, 512GB)	1.299,00 €	0	/Apple-Processore-Intel-Core-i5-ottava-generazione/dp/B0863TQP5S/ref=sr_1_291?dchild=1&keywords=computer&qid=1604664803&sr=8-291	4,8
"MSI Gaming GE75 10SGS-047 Raider Alluminio, Nero Computer Portatile 43,9 cm (17.3"") 1920 x 1080 Pixel Intel® Core i9 di Decima Generazione 32 GB DDR4-SDRAM 1512 GB HDD+SSD NVIDIA GeForce RTX 2070"	4.028,90 €	0	/10SGS-047-Alluminio-Portatile-Generazione-DDR4-SDRAM/dp/B086XHT5FT/ref=sr_1_292?dchild=1&keywords=computer&qid=1604664803&sr=8-292	4,1
AILIHEN C8 - Cuffie con microfono e controllo del volume, pieghevoli, leggere, per cellulari, tablet, smartphone, computer portatile, PC, MP3/4, colore: Oro rosa	19,98 €	1	/AILIHEN-microfono-controllo-pieghevoli-smartphone/dp/B08GKP5Q2B/ref=sr_1_293?dchild=1&keywords=computer&qid=1604664803&sr=8-293	4,2
Umitive Altoparlante USB per Computer con Stereo Surround 3D, Ampia Compatibilità, Design Antiscivolo, Plug And Play, Mini Casse Soundbar Computer Portatile per Home Theater, Ufficio e Dormitorio	16,99 €	1	/Umitive-Altoparlante-Compatibilit%C3%A0-Antiscivolo-Dormitorio/dp/B08JTRML6R/ref=sr_1_294?dchild=1&keywords=computer&qid=1604664803&sr=8-294	4,6
Mouse Bluetooth Wireless Compatibile con Laptop/Macbook/iPad/iPhone (iOS 13.1.2 e successiva) PC Computer Android Mini Mouse Silenzioso Ricaricabile per Windows/Linux/Mac 3DPI Regolabile Bluetooth4.0	12,74 €	0	/Compatibile-successiva-Silenzioso-Ricaricabile-Bluetooth4-0/dp/B085H963P5/ref=sr_1_295?dchild=1&keywords=computer&qid=1604664803&sr=8-295	4,5
"HuaNuo Supporto per Laptop con Cuscino, Tappetino per Mouse e Pad da Polso Integrati per Notebook Fino a 17"", con Supporto per Tablet, Penna e Telefono"	59,99 €	1	/HuaNuo-Supporto-Tappetino-Integrati-Notebook/dp/B07NMCQ7CN/ref=sr_1_296?dchild=1&keywords=computer&qid=1604664803&sr=8-296	4,6
"Hard disk esterno portatile da 2,5""USB 3.0/2.0 per laptop/PC/Xbox one / PS4 (2TB, Rose Pink)"	74,23 €	1	/ultra-esterno-portatile-laptop-desktop/dp/B07F6W1N3N/ref=sr_1_297?dchild=1&keywords=computer&qid=1604664803&sr=8-297	4,5
"Schenker Via 14 Grigio Computer Portatile 35,6 cm (14"") 1920 x 1080 Pixel Intel® Core i7 di Decima Generazione 16 GB DDR4-SDRAM 512 GB SSD Wi-Fi 6 (802.11ax) Windows 10 PRO Via 14,"	1.575,56 €	1	/Schenker-Computer-Portatile-Generazione-DDR4-SDRAM/dp/B084ZZ6BYT/ref=sr_1_298?dchild=1&keywords=computer&qid=1604664803&sr=8-298	-1
Murder, She Wrote Season 8	0 €	0	/gp/video/ssoredirect/?ru=https%3A%2F%2Fapp.primevideo.com%2Fdetail%3Fgti%3Damzn1.dv.gti.06b3e90e-2cea-056f-bc7a-57e5f7322f7c%26ref_%3Ddvm_src_ret_it_xx_s&page-type-id=B083D9NCVT&ref=sr_1_299&keywords=computer&qid=1604664803&sr=8-299	4,8
TECLAST Tablet PC 2 in 1 Laptop X6pro 12.6 Pollici 2880x1928 IPS Windows 10 Intel Core M3-7Y30, 8GB ROM+256GB SSD, 2+5 MP Telecamera+Tipe-C+Bluetooth+GPS+WiFi+38000 mWh (Non incluse Stilo e Tastiera)	459,49 €	1	/TECLAST-2880x1928-Telecamera-Bluetooth-Tastiera/dp/B089K65YZ3/ref=sr_1_300?dchild=1&keywords=computer&qid=1604664803&sr=8-300	2,0
Replitel Webcam with Microphone, 1080P HD Streaming USB Computer Webcam for PC Video Conferencing/Calling/Gaming, Laptop/Desktop Mac, Skype/Youtube/Zoom/Facetime-Plug And Play (Black)	18,99 €	0	/Replitel-Microphone-Streaming-Conferencing-Facetime-Plug/dp/B08L5W7MHJ/ref=sr_1_301?dchild=1&keywords=computer&qid=1604664803&sr=8-301	4,7
"HP - PC Pavilion 15-eh0000sl Notebook, AMD Ryzen 5 4500U, RAM 8 GB, SSD 512 GB, Grafica AMD Graphics, Windows 10 Home, Schermo 15.6"" FHD IPS, Lettore Impronte digitali, Webcam, Argento"	699,99 €	1	/HP-Pavilion-15-eh0000sl-Notebook-Graphics/dp/B08HQRJ1JV/ref=sr_1_302?dchild=1&keywords=computer&qid=1604664803&sr=8-302	-1
"Lenovo IdeaPad 5 Notebook, Display 14"" Full HD AntiGlare, Processore AMD Ryzen 5 4500U, 512 GB SSD, RAM 8 GB, Fingerprint, Windows 10, Light Teal"	0 €	0	/Lenovo-Notebook-AntiGlare-Processore-Fingerprint/dp/B089NVGRGC/ref=sr_1_303?dchild=1&keywords=computer&qid=1604664803&sr=8-303	4,6
Aigoss Webcam 1080p Full HD con Microfono, PC Laptop Desktop Computer USB per Videochiamate, Studio, Conferenza, Registrazione, Gioca a Giochi e Lavoro a Casa	35,99 €	1	/Aigoss-Microfono-Videochiamate-Conferenza-Registrazione/dp/B08BNM52L8/ref=sr_1_304?dchild=1&keywords=computer&qid=1604664803&sr=8-304	4,8
Looffy Pendrive 3.0 per iphone ipad 128gb, Chiavetta USB 4 in 1 per OTG Telefono Android Tipo C USB C 128gb, Memoria USB per Computer OTG Smartphone Laptop	39,79 €	1	/Looffy-Pendrive-Chiavetta-Telefono-Smartphone/dp/B08FBTQS1L/ref=sr_1_305?dchild=1&keywords=computer&qid=1604664803&sr=8-305	4,5
Lenovo IdeaCentre AIO A340-24IWL Computer desktop All-in-One con Processore Intel Core i5-8265U, 8 GB di RAM, 128 GB SSD, 1 TB HDD, masterizzatore DVD, Intel UHD, Windows 10 Home 64, nero	812,31 €	1	/Lenovo-Ideacentre-AIO-A340-24IWL/dp/B07VTNXXNC/ref=sr_1_310?dchild=1&keywords=computer&qid=1604664803&sr=8-310	-1
NEWHEY Custodia per Macbook Air 13 Pollici Impermeabile Custodia PC 13-14 Pollici Antiurto Porta Computer Custodia Borsa con Piccolo Caso Rosa	14,86 €	1	/NEWHEY-Custodia-Impermeabile-Antiurto-Computer/dp/B08DJ6FHJY/ref=sr_1_311?dchild=1&keywords=computer&qid=1604664803&sr=8-311	4,4
